Date,Open,High,Low,Close,Volume
20200709,6.55,6.99,6.41,6.79,123634.08
20200708,6.26,6.65,6.21,6.48,110845.214
20200707,6.45,6.5,6.2,6.26,96151.762
20200706,6.28,6.46,6.13,6.4,142282.311
20200703,6.2,6.49,5.97,6.27,158604.95
20200702,5.43,5.97,5.43,5.97,139695.625
20200701,5.56,5.56,5.38,5.43,23586.134
20200630,5.45,5.56,5.44,5.54,11170.145
20200629,5.61,5.61,5.43,5.44,23221.84
20200624,5.62,5.66,5.61,5.61,9460.308
20200623,5.64,5.7,5.62,5.62,12607.428
20200622,5.69,5.71,5.63,5.66,16091.72
20200619,5.71,5.74,5.62,5.7,28414.547
20200618,5.8,5.8,5.68,5.75,36104.667
20200617,5.77,6.06,5.66,5.89,62289.173
20200616,5.75,5.8,5.68,5.75,19842.205
20200615,5.81,5.84,5.74,5.74,12059.25
20200612,5.74,5.85,5.65,5.85,13562.4
20200611,5.82,5.85,5.73,5.81,14177.682
20200610,5.88,5.88,5.74,5.82,19202.358
20200609,5.86,5.92,5.79,5.9,21296.777
20200608,5.98,6.0,5.8,5.86,25569.118
20200605,5.91,5.99,5.88,5.95,20017.189
20200604,5.89,5.95,5.84,5.9,23740.519
20200603,5.86,5.93,5.82,5.87,20704.594
20200602,5.82,5.85,5.77,5.84,20958.726
20200601,5.7,5.8,5.69,5.8,24173.273
20200529,5.81,5.85,5.69,5.69,30129.297
20200528,5.93,5.98,5.83,5.85,16208.82
20200527,5.92,6.02,5.88,5.91,16969.998
20200526,5.98,6.04,5.9,5.94,19914.706
20200525,5.8,5.96,5.73,5.93,22513.222
20200522,5.84,5.86,5.69,5.78,33565.999
20200521,5.84,6.05,5.75,5.84,34184.436
20200520,5.83,6.07,5.78,5.85,37776.322
20200519,5.78,5.85,5.76,5.83,16810.482
20200518,5.78,5.86,5.73,5.78,27682.87
20200515,5.59,5.94,5.57,5.86,59146.193
20200514,5.47,5.68,5.43,5.59,34632.73
20200513,5.4,5.52,5.37,5.48,22870.581
20200512,5.45,5.45,5.36,5.4,16261.149
20200511,5.51,5.53,5.43,5.45,19426.77
20200508,5.34,5.62,5.34,5.49,56799.357
20200507,5.37,5.42,5.29,5.35,23576.448
20200506,5.43,5.44,5.36,5.38,29378.514
20200430,5.42,5.46,5.37,5.43,32469.92
20200429,5.32,5.48,5.22,5.48,38213.724
20200428,5.44,5.48,5.27,5.33,44708.093
20200427,5.18,5.47,5.18,5.45,73488.389
20200424,5.21,5.27,5.15,5.16,16867.818
20200423,5.29,5.32,5.21,5.25,26138.673
20200422,5.13,5.28,5.08,5.27,26529.021
20200421,5.2,5.2,5.11,5.13,18693.593
20200420,5.19,5.23,5.18,5.2,14158.871
20200417,5.22,5.25,5.17,5.18,15571.053
20200416,5.19,5.28,5.13,5.18,25432.118
20200415,5.28,5.29,5.17,5.18,22020.711
20200414,5.25,5.31,5.19,5.28,26286.212
20200413,5.27,5.27,5.18,5.24,18113.132
20200410,5.46,5.48,5.24,5.27,26318.96
20200409,5.43,5.51,5.4,5.47,22759.09
20200408,5.36,5.43,5.32,5.39,22145.532
20200407,5.28,5.37,5.25,5.37,26584.82
20200403,5.26,5.27,5.15,5.19,19955.411
20200402,5.16,5.27,5.13,5.26,18937.621
20200401,5.32,5.32,5.21,5.22,20716.73
20200331,5.38,5.38,5.29,5.32,14657.158
20200330,5.45,5.48,5.25,5.34,24547.894
20200327,5.6,5.6,5.47,5.49,30798.222
20200326,5.55,5.63,5.5,5.54,32567.882
20200325,5.57,5.63,5.51,5.59,30994.759
20200324,5.49,5.62,5.38,5.5,29111.524
20200323,5.46,5.53,5.32,5.45,32956.458
20200320,5.55,5.66,5.49,5.59,42308.4
20200319,5.51,5.58,5.4,5.47,37982.018
20200318,5.69,5.73,5.5,5.5,27154.104
20200317,5.62,5.71,5.43,5.68,30251.706
20200316,5.98,6.02,5.56,5.62,40148.645
20200313,5.83,6.0,5.76,5.95,50959.916
20200312,6.14,6.24,6.09,6.13,42331.84
20200311,6.27,6.36,6.23,6.23,66685.569
20200310,6.15,6.34,6.11,6.26,75456.004
20200309,6.56,6.65,6.3,6.3,85688.703
20200306,6.64,6.75,6.61,6.68,79783.294
20200305,6.75,6.8,6.65,6.72,93681.22
20200304,6.68,6.84,6.58,6.75,113976.22
20200303,6.9,6.93,6.7,6.77,153277.639
20200302,6.7,7.04,6.57,6.82,171235.494
20200228,6.8,6.89,6.5,6.7,219649.751
20200227,6.6,7.19,6.55,7.11,373757.308
20200226,6.38,6.69,6.25,6.54,191280.119
20200225,6.63,6.63,6.26,6.34,89851.936
20200224,6.75,6.78,6.63,6.66,61159.788
20200221,6.75,6.79,6.66,6.72,73792.691
20200220,6.8,6.81,6.63,6.75,90597.456
20200219,6.71,6.95,6.64,6.78,164316.359
20200218,6.37,6.86,6.24,6.66,107738.065
20200217,6.38,6.6,6.08,6.4,95198.899
20200214,6.44,6.56,6.3,6.34,39912.032
20200213,6.63,6.73,6.38,6.45,58353.149
20200212,6.36,6.67,6.32,6.67,100007.454
20200211,6.36,6.46,6.28,6.33,27015.602
20200210,6.52,6.55,6.2,6.33,48899.806
20200207,6.66,6.75,6.38,6.46,75290.745
20200206,6.09,6.65,6.01,6.53,98960.267
20200205,5.85,6.16,5.79,6.07,50783.123
20200204,5.4,6.05,5.4,5.93,56813.321
20200203,5.68,5.68,5.68,5.68,15015.648
20200123,6.44,6.74,6.28,6.31,33625.174
20200122,6.49,6.51,6.4,6.44,22257.589
20200121,6.63,6.63,6.47,6.52,22543.961
20200120,6.6,6.67,6.51,6.6,20758.694
20200117,6.64,6.69,6.57,6.6,23280.77
20200116,6.58,6.77,6.57,6.66,26785.886
20200115,6.55,6.63,6.53,6.59,18687.27
20200114,6.66,6.66,6.55,6.59,22195.077
20200113,6.5,6.77,6.44,6.62,39312.008
20200110,6.62,6.62,6.39,6.51,35873.695
20200109,6.51,6.63,6.51,6.57,25480.878
20200108,6.52,6.69,6.5,6.55,36284.531
20200107,6.41,6.55,6.41,6.54,26985.809
20200106,6.41,6.5,6.33,6.46,37204.762
20200103,6.4,6.81,6.32,6.48,124676.037
20200102,6.28,6.4,6.2,6.35,52145.592
20191231,6.21,6.28,6.17,6.24,16916.804
20191230,6.05,6.18,6.02,6.18,17957.604
20191227,6.2,6.25,6.07,6.11,26705.643
20191226,6.24,6.24,6.17,6.2,13088.256
20191225,6.16,6.31,6.15,6.2,33258.981
20191224,6.25,6.32,6.12,6.2,36256.67
20191223,6.46,6.46,6.24,6.25,21774.411
20191220,6.56,6.67,6.46,6.47,39258.326
20191219,6.39,6.58,6.21,6.56,29702.543
20191218,6.53,6.57,6.35,6.38,27543.212
20191217,6.44,6.62,6.41,6.53,26635.295
20191216,6.29,6.47,6.11,6.46,22088.316
20191213,6.34,6.44,6.25,6.27,16034.783
20191212,6.46,6.46,6.32,6.34,10347.908
20191211,6.47,6.54,6.4,6.46,13075.587
20191210,6.52,6.55,6.36,6.5,17040.42
20191209,6.44,6.54,6.44,6.51,11009.738
20191206,6.57,6.57,6.41,6.44,21745.41
20191205,6.59,6.67,6.51,6.56,25933.511
20191204,6.62,6.67,6.52,6.58,20348.021
20191203,6.5,7.21,6.48,6.69,91973.045
20191202,6.55,6.66,6.48,6.55,30971.427
20191129,6.49,6.75,6.35,6.65,40308.363
20191128,6.34,6.52,6.34,6.49,24224.242
20191127,6.37,6.46,6.32,6.43,14766.55
20191126,6.43,6.44,6.21,6.37,21215.403
20191125,6.34,6.8,6.3,6.4,38168.925
20191122,6.56,6.59,6.34,6.4,28580.44
20191121,6.19,6.56,6.1,6.56,40820.249
20191120,6.13,6.27,6.12,6.18,26270.571
20191119,5.93,6.24,5.88,6.2,71101.568
20191118,6.08,6.09,5.91,5.96,34535.419
20191115,6.26,6.35,6.07,6.08,24996.005
20191114,6.54,6.6,6.08,6.29,45684.889
20191113,6.64,6.69,6.51,6.57,11924.188
20191112,6.77,6.78,6.59,6.66,15177.437
20191111,6.8,6.86,6.72,6.74,11261.811
20191108,6.85,6.92,6.79,6.86,18561.039
20191107,6.71,6.9,6.71,6.83,13981.941
20191106,6.8,6.81,6.7,6.7,12865.99
20191105,6.85,6.87,6.75,6.77,12332.783
20191104,6.89,6.99,6.82,6.85,15493.396
20191101,6.92,6.92,6.75,6.89,14702.178
20191031,6.91,6.99,6.9,6.9,14578.731
20191030,6.98,6.98,6.89,6.91,12664.86
20191029,7.06,7.09,6.97,6.98,18095.964
20191028,6.99,7.09,6.95,7.04,13226.615
20191025,6.99,7.04,6.9,6.97,15254.591
20191024,6.97,7.07,6.92,6.99,14065.885
20191023,6.91,7.09,6.91,6.97,22730.244
20191022,6.93,6.98,6.86,6.95,21861.837
20191021,7.11,7.11,6.89,6.92,33655.012
20191018,7.21,7.27,6.95,7.06,56566.63
20191017,7.36,7.47,7.13,7.18,42944.188
20191016,7.54,7.67,7.36,7.36,33687.928
20191015,7.6,7.68,7.47,7.6,55662.296
20191014,7.56,7.76,7.54,7.71,70803.569
20191011,7.32,7.59,7.23,7.55,53744.779
20191010,7.12,7.28,7.1,7.25,38123.678
20191009,7.11,7.2,7.07,7.11,22826.656
20191008,7.06,7.24,7.05,7.1,12782.091
20190930,7.12,7.19,7.06,7.07,14810.177
20190927,7.14,7.18,7.02,7.1,24259.332
20190926,7.37,7.44,7.14,7.18,38167.98
20190925,7.42,7.47,7.35,7.36,15824.945
20190924,7.38,7.48,7.33,7.41,24891.081
20190923,7.47,7.53,7.3,7.34,30493.989
20190920,7.52,7.58,7.44,7.45,19734.213
20190919,7.43,7.58,7.39,7.53,46546.8
20190918,7.4,7.51,7.31,7.43,42090.136
20190917,7.36,7.48,7.34,7.38,54834.743
20190916,7.47,7.56,7.32,7.38,49690.967
20190912,7.5,7.61,7.44,7.51,22837.207
20190911,7.55,7.61,7.48,7.5,28670.647
20190910,7.67,7.71,7.5,7.55,46668.746
20190909,7.67,7.77,7.54,7.64,29904.504
20190906,7.6,7.66,7.46,7.52,28663.964
20190905,7.66,7.72,7.56,7.62,39527.522
20190904,7.69,7.75,7.52,7.6,34555.978
20190903,7.71,7.85,7.59,7.68,38067.302
20190902,7.34,7.7,7.3,7.7,40595.204
20190830,7.51,7.54,7.22,7.3,25794.817
20190829,7.57,7.8,7.48,7.5,34708.054
20190828,7.62,7.65,7.45,7.47,27508.235
20190827,7.72,7.79,7.54,7.62,43340.358
20190826,7.78,7.8,7.61,7.7,32816.992
20190823,7.97,8.08,7.81,7.81,29146.927
20190822,8.0,8.18,7.85,7.9,49924.665
20190821,7.78,8.13,7.69,8.05,103185.684
20190820,7.56,7.75,7.48,7.73,32422.619
20190819,7.36,7.57,7.36,7.55,26040.348
20190816,7.28,7.39,7.23,7.33,13935.806
20190815,7.13,7.34,7.11,7.28,17082.317
20190814,7.25,7.33,7.16,7.31,16307.935
20190813,7.18,7.26,7.13,7.18,8595.982
20190812,7.06,7.25,7.03,7.2,20510.266
20190809,7.12,7.15,7.03,7.03,9642.79
20190808,7.12,7.18,7.03,7.1,21304.365
20190807,7.28,7.34,6.99,7.09,29226.501
20190806,7.19,7.4,7.14,7.28,26644.574
20190805,7.37,7.47,7.28,7.3,20748.986
20190802,7.4,7.48,7.31,7.37,19376.161
20190801,7.59,7.62,7.46,7.49,26452.847
20190731,7.91,7.91,7.61,7.66,40208.196
20190730,7.53,7.84,7.47,7.79,62636.537
20190729,7.54,7.54,7.45,7.48,14808.135
20190726,7.43,7.59,7.41,7.58,66102.226
20190725,7.34,7.5,7.33,7.45,59429.035
20190724,7.3,7.47,7.26,7.36,43414.223
20190723,7.32,7.5,7.25,7.29,22258.403
20190722,7.41,7.5,7.3,7.32,20774.795
20190719,7.41,7.57,7.39,7.49,33456.444
20190718,7.47,7.58,7.37,7.4,17055.585
20190717,7.46,7.58,7.44,7.49,18329.075
20190716,7.4,7.55,7.34,7.47,17512.546
20190715,7.47,7.47,7.23,7.35,21911.73
20190712,7.53,7.53,7.41,7.45,35413.613
20190711,7.54,7.71,7.41,7.51,30118.427
20190710,7.55,7.64,7.35,7.59,25906.757
20190709,7.8,7.91,7.48,7.58,41083.538
20190708,7.97,7.97,7.55,7.76,37513.455
20190705,7.97,8.03,7.93,7.93,19452.343
20190704,7.99,8.05,7.8,7.97,38157.05
20190703,7.97,8.12,7.88,8.0,48053.691
20190702,8.28,8.39,7.93,8.0,179003.333
20190701,8.34,8.61,8.19,8.3,182455.519
20190628,8.85,8.89,8.55,8.64,75597.013
20190627,8.82,9.02,8.72,8.9,101367.464
20190626,8.52,8.95,8.35,8.85,116272.189
20190625,8.04,8.75,7.97,8.56,170128.628
20190624,7.62,8.14,7.62,8.0,100250.603
20190621,7.51,7.68,7.51,7.62,41847.456
20190620,7.39,7.72,7.37,7.49,34477.271
20190619,7.45,7.47,7.36,7.39,16171.742
20190618,7.39,7.4,7.28,7.35,9641.563
20190617,7.19,7.45,7.19,7.35,23043.736
20190614,7.42,7.47,7.21,7.25,24561.435
20190613,7.54,7.54,7.41,7.43,25155.219
20190612,7.56,7.63,7.52,7.54,28956.409
20190611,7.47,7.7,7.36,7.69,89872.78
20190610,7.44,7.85,7.28,7.47,39800.888
20190606,7.45,7.5,7.29,7.43,14705.707
20190605,7.5,7.65,7.44,7.5,16190.94
20190604,7.39,7.5,7.3,7.5,26659.68
20190603,7.55,7.63,7.38,7.38,11087.765
20190531,7.62,7.85,7.55,7.58,16049.672
20190530,7.41,7.8,7.4,7.6,25177.885
20190529,7.41,7.5,7.38,7.41,8857.327
20190528,7.38,7.55,7.36,7.41,21104.855
20190527,7.26,7.62,7.18,7.45,33117.778
20190524,7.22,7.34,7.17,7.26,9430.721
20190523,7.33,7.33,7.15,7.27,12029.697
20190522,7.35,7.37,7.24,7.37,10387.3
20190521,7.25,7.37,7.22,7.35,15659.113
20190520,7.25,7.3,7.05,7.28,13017.008
20190517,7.52,7.57,7.19,7.23,22605.749
20190516,7.43,7.58,7.41,7.53,16477.674
20190515,7.38,7.53,7.38,7.46,20673.189
20190514,7.27,7.39,7.27,7.35,8948.231
20190513,7.41,7.41,7.32,7.37,16176.677
20190510,7.32,7.48,7.26,7.46,24369.003
20190509,7.25,7.4,7.21,7.29,19854.44
20190508,7.47,7.52,7.15,7.33,26828.055
20190507,7.5,7.75,7.41,7.64,93713.811
20190506,7.9,8.0,7.27,8.0,48153.562
20190430,8.12,8.26,8.08,8.08,27151.988
20190429,8.53,8.7,8.1,8.19,46724.535
20190426,8.6,8.66,8.41,8.6,28034.83
20190425,8.99,8.99,8.65,8.65,40762.125
20190424,9.01,9.06,8.86,9.02,41793.499
20190423,8.81,9.25,8.64,9.07,93166.173
20190422,9.05,9.18,8.78,8.81,82168.339
20190419,8.86,9.0,8.71,8.97,44863.563
20190418,9.13,9.17,8.8,8.86,91820.258
20190417,8.95,9.02,8.83,8.89,71489.862
20190416,8.66,9.0,8.43,8.98,101107.46
20190415,8.77,8.96,8.66,8.68,55328.433
20190412,8.79,8.85,8.6,8.63,43428.271
20190411,9.09,9.09,8.71,8.78,41914.414
20190410,8.83,9.2,8.72,9.04,55679.376
20190409,8.77,8.93,8.72,8.84,33464.426
20190408,9.1,9.14,8.62,8.77,76120.347
20190404,9.12,9.21,9.01,9.04,62039.884
20190403,8.96,9.17,8.82,9.11,74955.038
20190402,9.0,9.23,8.88,8.97,105086.4
20190401,8.71,8.99,8.5,8.94,120243.632
20190329,8.32,8.71,8.32,8.58,60290.139
20190328,8.29,8.58,8.24,8.39,34414.902
20190327,8.5,8.59,8.2,8.4,51116.572
20190326,8.95,8.99,8.38,8.43,73048.868
20190325,8.93,9.02,8.81,8.95,68349.551
20190322,8.9,8.96,8.63,8.87,48444.671
20190321,9.0,9.09,8.88,8.92,71041.046
20190320,9.35,9.35,8.89,8.99,63764.205
20190319,9.38,9.53,9.19,9.28,135297.709
20190318,9.0,9.46,8.93,9.3,131077.958
20190315,8.92,9.1,8.78,8.91,61140.956
20190314,9.28,9.58,8.76,8.89,67525.674
20190313,9.69,9.79,9.15,9.3,94478.995
20190312,9.28,9.9,8.99,9.61,269708.165
20190311,8.9,9.1,8.67,9.0,90661.183
20190308,8.55,9.05,8.35,8.63,116333.695
20190307,8.6,8.85,8.37,8.64,106068.195
20190306,8.38,8.58,8.12,8.53,132375.263
20190305,8.24,8.58,8.08,8.21,93729.076
20190304,8.0,8.36,7.92,8.13,112999.134
20190301,7.8,8.08,7.67,7.97,92373.917
20190228,7.79,7.89,7.75,7.8,43796.298
20190227,7.79,7.88,7.66,7.86,125534.432
20190226,8.01,8.39,7.75,7.87,219153.78
20190225,7.81,8.2,7.78,8.16,121892.172
20190222,7.58,7.64,7.44,7.58,40967.255
20190221,7.93,8.2,7.63,7.71,103799.562
20190220,7.68,8.1,7.63,7.93,57951.746
20190219,7.51,8.0,7.4,7.78,98713.512
20190218,7.25,7.46,7.22,7.45,25455.347
20190215,7.37,7.37,7.23,7.23,27417.199
20190214,7.43,7.56,7.32,7.45,58448.381
20190213,7.27,7.4,7.22,7.3,26860.59
20190212,7.14,7.32,7.14,7.28,18702.193
20190211,7.11,7.19,7.05,7.18,13592.034
20190201,7.07,7.2,6.92,7.07,37873.891
20190131,7.01,7.1,6.7,7.01,19131.3
20190130,7.09,7.22,7.01,7.02,11829.123
20190129,7.02,7.11,6.92,7.06,19501.866
20190128,7.19,7.28,7.03,7.07,16521.027
20190125,7.13,7.46,7.11,7.2,50044.594
20190124,7.16,7.18,7.05,7.1,17189.83
20190123,7.08,7.3,7.01,7.18,49315.645
20190122,7.16,7.16,6.99,7.08,20544.892
20190121,7.15,7.2,7.14,7.15,13163.464
20190118,7.13,7.2,7.12,7.15,10887.306
20190117,7.19,7.22,7.11,7.15,15227.837
20190116,7.19,7.25,7.11,7.16,13933.327
20190115,7.15,7.24,7.02,7.18,26879.889
20190114,7.38,7.4,7.16,7.17,31581.577
20190111,7.48,7.53,7.3,7.37,34130.388
20190110,7.51,7.56,7.27,7.48,63673.602
20190109,7.3,8.0,7.27,7.73,180293.567
20190108,7.38,7.38,7.23,7.27,16070.881
20190107,7.48,7.49,7.34,7.4,20198.358
20190104,7.14,7.48,7.14,7.4,17508.174
20190103,7.86,7.88,7.53,7.53,27928.61
20190102,8.41,8.51,7.81,7.91,31544.884
20181228,8.3,8.7,8.25,8.39,32481.417
20181227,8.2,8.65,8.03,8.49,86612.49
20181226,7.41,7.96,7.39,7.96,40338.294
20181225,7.52,7.6,7.21,7.45,40951.761
20181224,7.22,8.0,7.21,7.58,43843.628
20181221,7.29,7.31,7.17,7.3,14761.958
20181220,7.36,7.4,7.24,7.34,14725.611
20181219,7.57,7.57,7.32,7.5,19559.42
20181218,7.55,7.64,7.51,7.61,27356.628
20181217,7.64,7.69,7.55,7.66,9286.908
20181214,7.67,7.73,7.56,7.69,9966.848
20181213,7.68,7.79,7.64,7.73,10613.762
20181212,7.68,7.75,7.63,7.73,7434.365
20181211,7.76,7.81,7.54,7.74,29835.258
20181210,7.82,7.88,7.68,7.81,17275.288
20181207,7.9,7.95,7.7,7.95,22046.379
20181206,8.01,8.03,7.89,7.95,10884.286
20181205,8.1,8.11,7.98,8.07,8004.564
20181204,8.15,8.25,8.13,8.17,5342.42
20181203,8.09,8.24,8.06,8.2,8706.22
20181130,8.02,8.05,7.86,8.01,6228.217
20181129,8.09,8.15,7.87,7.99,12679.056
20181128,8.0,8.08,7.9,8.06,6338.726
20181127,7.95,8.1,7.95,8.01,5446.557
20181126,7.98,8.0,7.85,8.0,11615.583
20181123,8.31,8.34,7.63,8.01,32344.319
20181122,8.39,8.48,8.31,8.32,9054.502
20181121,8.1,8.43,8.1,8.37,13473.46
20181120,8.48,8.55,8.18,8.25,23358.676
20181119,8.67,8.67,8.4,8.46,25197.27
20181116,8.05,8.57,8.05,8.57,55871.153
20181115,8.38,8.48,8.28,8.48,13830.641
20181114,8.53,8.56,8.24,8.35,27921.073
20181113,8.05,8.69,8.05,8.53,67468.402
20181112,8.0,8.16,7.95,8.15,24669.41
20181109,8.42,8.42,7.92,8.14,38283.221
20181108,8.46,8.58,8.38,8.43,11111.413
20181107,8.45,8.53,8.39,8.49,16109.313
20181106,8.59,8.7,8.41,8.45,20582.503
20181105,8.51,8.93,8.48,8.59,46685.847
20181102,8.51,8.58,8.45,8.52,23317.329
20181101,8.49,8.53,8.44,8.5,10234.462
20181031,8.47,8.51,8.43,8.5,8811.34
20181030,8.45,8.5,8.34,8.5,8646.609
20181029,8.48,8.52,8.33,8.45,6031.532
20181026,8.49,8.59,8.38,8.48,7682.907
20181025,8.58,8.58,8.21,8.49,15532.731
20181024,8.55,8.82,8.55,8.72,9873.881
20181023,9.07,9.07,8.69,8.7,14538.795
20181022,8.78,9.36,8.78,9.08,38697.89
20181019,9.1,9.1,8.36,9.09,48432.136
20181018,9.61,9.7,9.03,9.29,42513.425
20181017,9.8,9.86,9.66,9.66,15844.846
20181016,9.87,9.99,9.65,9.87,37171.647
20181015,9.9,9.93,9.79,9.89,12705.726
20181012,9.73,9.94,9.66,9.94,13869.391
20181011,9.86,10.05,9.65,9.93,33874.419
20181010,9.94,10.1,9.87,9.97,17884.688
20181009,9.86,9.97,9.7,9.96,12903.855
20181008,9.97,9.97,9.77,9.97,20343.191
20180928,9.92,10.04,9.91,10.01,9496.558
20180927,10.0,10.0,9.9,9.97,11959.337
20180926,10.02,10.02,9.96,10.0,9968.175
20180925,9.97,10.02,9.93,9.99,8694.485
20180921,10.0,10.08,9.93,9.98,17787.894
20180920,9.98,9.99,9.89,9.98,12012.494
20180919,9.92,10.04,9.87,9.95,34284.608
20180918,10.0,10.05,9.87,9.96,56890.86
20180917,10.0,10.13,9.82,10.0,25302.289
20180914,9.97,10.1,9.89,10.01,25074.717
20180913,10.01,10.15,9.9,9.98,9218.675
20180912,9.99,10.1,9.87,9.98,23168.072
20180911,10.09,10.2,9.88,9.98,22259.762
20180910,10.22,10.38,9.98,10.09,18312.665
20180907,10.1,10.25,10.03,10.19,37499.47
20180906,9.92,10.18,9.82,10.15,32533.525
20180905,10.1,10.32,9.28,10.1,57620.825
20180904,10.1,10.23,10.02,10.15,17402.133
20180903,10.08,10.25,9.9,10.1,40864.465
20180831,9.82,10.19,9.82,10.08,29839.649
20180830,10.18,10.18,9.72,10.06,29237.905
20180829,10.15,10.35,10.11,10.2,16755.316
20180828,10.4,10.45,10.1,10.16,53783.171
20180827,10.43,10.6,10.12,10.56,73736.535
20180824,10.9,10.9,10.18,10.62,68084.397
20180823,11.17,11.2,10.94,11.05,25142.844
20180822,11.08,11.28,10.98,11.23,22786.776
20180821,11.42,11.42,10.88,11.25,61885.546
20180820,11.81,11.94,11.04,11.5,28219.912
20180817,12.03,12.2,11.8,11.9,11351.706
20180816,12.06,12.19,11.86,11.97,10966.153
20180815,12.2,12.38,11.81,12.25,47299.443
20180814,13.19,13.19,11.93,12.57,80633.6
20180813,13.42,13.42,13.03,13.26,11385.218
20180810,13.28,13.59,13.28,13.49,5927.787
20180809,13.21,13.66,12.7,13.47,35525.452
20180808,13.33,13.49,13.03,13.3,10603.998
20180807,13.39,13.79,13.28,13.5,33788.794
20180806,13.51,13.6,13.26,13.6,13527.728
20180803,14.11,14.11,13.21,13.5,32527.106
20180802,13.93,14.4,13.55,14.2,54936.041
20180801,13.82,13.96,13.74,13.95,10551.006
20180731,13.98,14.07,13.82,13.82,5582.103
20180730,14.19,14.3,13.93,13.97,10197.636
20180727,14.3,14.39,14.18,14.18,7459.307
20180726,14.4,14.59,14.27,14.37,14747.263
20180725,14.52,14.77,14.21,14.5,32674.021
20180724,14.2,14.77,14.1,14.58,53828.342
20180723,14.01,14.2,14.01,14.16,13134.895
20180720,13.95,14.24,13.81,14.15,22499.113
20180719,13.9,14.28,13.86,13.99,20577.567
20180718,13.78,14.23,13.6,14.08,42103.554
20180717,13.71,13.86,13.58,13.78,15272.046
20180716,13.9,14.33,13.6,13.88,20370.205
20180713,14.02,14.38,13.91,13.97,22562.771
20180712,13.67,14.2,13.42,14.17,50200.858
20180711,13.69,14.33,13.4,13.67,49441.844
20180710,13.4,13.85,13.35,13.85,70693.174
20180709,13.42,13.55,13.33,13.39,28695.281
20180706,13.35,13.63,12.9,13.42,31892.518
20180705,13.37,13.54,13.27,13.39,20767.447
20180704,13.45,13.77,13.33,13.44,21649.574
20180703,13.56,13.62,13.23,13.45,17469.0
20180702,13.86,13.86,13.3,13.56,28013.433
20180629,13.45,13.9,13.36,13.87,38272.127
20180628,13.42,13.58,13.33,13.45,39734.226
20180627,13.36,13.5,13.11,13.45,35610.191
20180626,13.13,13.34,13.08,13.34,20452.491
20180625,13.35,13.48,13.03,13.25,22903.843
20180622,13.0,13.4,12.8,13.35,57346.968
20180621,13.2,13.2,12.72,13.0,67966.759
20180620,13.02,13.33,12.68,13.15,47918.767
20180619,13.2,13.48,12.8,13.1,64725.315
20180615,13.3,13.59,12.83,13.57,99246.727
20180614,14.1,14.1,12.86,13.32,174197.206
20180613,14.93,15.28,14.28,14.29,99297.318
20180612,15.2,15.26,14.14,14.93,262082.468
20180529,15.47,16.1,14.9,14.92,139915.749
20180528,15.44,15.85,15.02,15.6,78398.402
20180525,15.33,15.7,15.0,15.44,112727.884
20180524,14.92,15.79,14.92,15.39,148107.036
20180523,15.25,15.58,14.75,14.78,143663.231
20180522,15.2,16.38,15.15,15.19,112280.288
20180521,15.19,15.89,15.03,15.4,126669.44
20180518,15.15,15.97,14.99,15.2,239183.269
20180517,13.55,14.8,13.46,14.69,173433.656
20180516,13.9,13.96,13.31,13.45,41644.576
20180515,13.98,14.12,13.73,13.97,43703.396
20180514,13.33,14.2,13.2,13.96,90458.109
20180511,13.27,13.75,13.21,13.46,43115.297
20180510,12.68,13.48,12.68,13.39,36447.675
20180509,12.6,12.7,12.53,12.61,6486.723
20180508,12.7,12.75,12.63,12.7,6558.015
20180507,12.77,12.78,12.61,12.73,11348.121
20180504,12.5,12.74,12.5,12.62,6687.219
20180503,12.52,12.7,12.22,12.6,18085.627
20180502,12.68,12.7,12.33,12.5,14038.212
20180427,12.69,12.75,12.39,12.58,8973.962
20180426,12.52,12.69,12.15,12.69,17568.942
20180425,12.55,12.65,12.38,12.6,13590.894
20180424,12.45,12.66,12.45,12.57,12386.44
20180423,13.13,13.13,12.35,12.57,35863.704
20180420,13.65,13.65,13.06,13.06,16883.802
20180419,13.63,13.75,13.35,13.66,28314.367
20180418,13.25,13.83,13.25,13.7,50404.684
20180417,12.91,13.79,12.91,13.4,57272.918
20180416,13.08,13.08,12.5,12.91,22103.26
20180413,12.9,13.1,12.83,12.94,16389.46
20180412,12.67,13.3,12.56,13.0,33770.541
20180411,12.49,12.7,12.38,12.67,7768.986
20180410,12.55,12.63,12.33,12.42,11581.286
20180409,12.55,12.73,12.45,12.52,9611.78
20180404,12.52,12.87,12.52,12.72,11886.519
20180403,12.58,12.66,12.37,12.55,9420.666
20180402,12.53,12.71,12.38,12.6,12333.423
20180330,12.3,12.68,12.3,12.52,14477.471
20180329,12.48,12.59,12.4,12.46,8264.349
20180328,12.6,12.6,12.35,12.37,12167.723
20180327,12.17,12.63,12.02,12.6,26279.606
20180326,11.83,11.97,11.42,11.94,12073.852
20180323,12.03,12.14,11.57,11.83,22069.568
20180322,12.6,12.66,12.15,12.23,16686.065
20180321,12.76,12.98,12.58,12.59,12841.067
20180320,12.89,12.94,12.66,12.77,8263.812
20180319,12.88,12.99,12.7,12.94,10695.194
20180316,12.81,13.08,12.6,12.72,11427.2
20180315,12.96,13.16,12.69,12.81,10522.119
20180314,13.2,13.39,12.9,12.96,13986.519
20180313,13.5,13.56,13.27,13.27,14691.304
20180312,13.45,13.65,13.12,13.5,33044.505
20180309,12.61,13.68,12.61,13.38,47576.582
20180308,12.61,12.68,12.45,12.6,9823.295
20180307,12.71,12.87,12.39,12.7,17666.365
20180306,12.85,13.03,12.72,12.82,11593.546
20180305,12.67,12.99,12.61,12.83,12728.012
20180302,12.63,12.72,12.51,12.67,13584.998
20180301,12.27,12.84,12.27,12.66,19248.555
20180228,12.37,12.43,12.08,12.31,10787.71
20180227,12.5,12.5,12.17,12.23,8629.909
20180226,12.09,12.5,12.02,12.24,12871.213
20180223,12.15,12.5,12.0,12.07,13592.233
20180222,11.88,12.28,11.82,12.05,15839.124
20180214,11.54,11.65,11.37,11.5,6431.155
20180213,11.09,11.63,11.06,11.45,17176.769
20180212,10.8,11.1,10.73,11.03,9777.203
20180209,10.98,10.98,10.59,10.75,12450.177
20180208,11.08,11.3,11.01,11.16,11977.122
20180207,11.51,11.86,11.0,11.06,18972.559
20180206,12.22,12.22,11.11,11.34,17066.889
20180205,12.3,12.39,12.11,12.31,10281.458
20180202,12.4,12.5,12.08,12.39,17749.366
20180201,13.18,13.18,12.08,12.48,20724.285
20180131,13.23,13.26,13.03,13.19,16209.114
20180130,13.58,13.58,13.16,13.31,16873.391
20180129,13.51,13.79,13.36,13.58,14587.095
20180126,13.5,13.89,13.5,13.56,17449.334
20180125,13.68,14.0,13.41,13.72,25153.879
20180124,13.3,14.3,13.3,13.61,43091.151
20180123,13.14,13.63,13.14,13.3,14293.955
20180122,12.83,13.24,12.75,13.14,18936.291
20180119,13.15,13.29,12.8,12.8,18550.733
20180118,13.14,13.4,13.06,13.32,7478.36
20180117,13.4,13.4,12.95,13.15,23171.88
20180116,13.39,13.56,13.28,13.38,9037.554
20180115,13.95,13.95,13.24,13.38,23974.961
20180112,13.97,14.0,13.77,13.87,13557.088
20180111,13.63,14.11,13.53,13.92,28350.212
20180110,13.48,13.58,13.3,13.53,15928.808
20180109,13.69,13.76,13.42,13.55,17027.542
20180108,12.93,13.76,12.81,13.69,39871.35
20180105,12.6,13.21,12.53,12.94,30331.281
20180104,12.6,12.67,12.52,12.6,9029.813
20180103,12.42,12.6,12.42,12.57,16289.506
20180102,12.51,12.63,12.38,12.5,17576.69
20171229,12.32,13.05,12.32,12.59,21494.73
20171228,12.18,13.18,12.16,12.55,43435.991
20171227,12.2,12.2,11.85,12.03,23345.108
20171226,11.97,12.26,11.97,12.04,10470.817
20171225,12.37,12.38,11.95,12.0,13130.123
20171222,12.68,12.71,12.21,12.21,12936.739
20171221,12.84,12.85,12.6,12.71,18759.802
20171220,12.81,13.0,12.77,12.84,6888.414
20171219,12.87,13.03,12.8,12.9,8829.909
20171218,12.76,13.18,12.6,12.92,23414.837
20171215,12.21,12.64,12.21,12.6,18359.06
20171214,12.49,12.63,12.3,12.3,9786.908
20171213,12.51,12.74,12.41,12.66,16061.897
20171212,12.32,13.0,12.21,12.66,20106.267
20171211,12.02,12.47,12.02,12.27,13453.681
20171208,11.96,12.11,11.8,12.0,8923.5
20171207,11.83,12.05,11.83,11.96,6883.8
20171206,12.0,12.25,11.85,11.9,15585.369
20171205,12.62,12.65,12.0,12.0,18276.373
20171204,13.06,13.06,12.0,12.62,17649.619
20171201,13.12,13.13,12.97,13.01,9577.772
20171130,13.04,13.24,12.95,13.0,14455.88
20171129,13.44,13.44,12.93,13.15,6622.306
20171128,13.2,13.38,13.17,13.21,6627.998
20171127,13.5,13.55,13.2,13.21,4140.311
20171124,13.3,13.6,13.3,13.44,9219.412
20171123,13.71,13.74,13.41,13.44,7646.866
20171122,13.93,14.0,13.55,13.8,11434.323
20171121,13.38,13.96,13.38,13.9,11631.16
20171120,13.35,13.69,13.1,13.65,10136.771
20171117,14.05,14.05,13.35,13.35,19343.493
20171116,14.27,14.27,13.98,14.02,13659.411
20171115,14.57,14.57,14.16,14.33,17505.241
20171114,14.81,14.85,14.5,14.57,17140.505
20171113,14.6,15.2,14.5,14.86,24338.975
20171110,14.52,14.66,14.46,14.56,10873.601
20171109,14.53,14.62,14.49,14.54,25441.189
20171108,14.26,14.6,14.23,14.53,30226.465
20171107,14.15,14.33,14.08,14.2,8320.83
20171106,14.58,14.58,14.15,14.18,18055.714
20171103,14.5,14.64,14.46,14.51,10257.111
20171102,14.64,14.65,14.45,14.47,14038.268
20171101,14.31,14.72,14.31,14.58,15214.093
20171031,15.0,15.0,14.28,14.6,43049.718
20171011,14.71,15.5,14.62,15.17,38818.794
20171010,14.69,14.72,14.55,14.71,21882.812
20171009,14.7,14.75,14.5,14.59,28530.282
20170929,14.38,14.52,14.36,14.46,8473.031
20170928,14.6,14.67,14.37,14.38,12335.532
20170927,14.65,14.73,14.4,14.61,18065.861
20170926,14.77,15.0,14.36,14.6,33951.137
20170925,15.07,15.17,14.72,14.76,18199.787
20170922,15.31,15.37,15.09,15.22,10301.04
20170921,15.42,15.49,15.28,15.29,18781.299
20170920,15.55,15.6,15.4,15.44,20284.859
20170919,15.54,15.62,15.4,15.44,12757.548
20170918,15.42,15.68,15.42,15.54,28415.839
20170915,15.6,15.6,15.34,15.41,11516.272
20170914,15.35,15.61,15.33,15.5,27393.539
20170913,15.45,15.5,15.3,15.33,14992.82
20170912,15.54,15.58,15.4,15.53,21154.461
20170911,15.62,15.89,15.48,15.55,31569.266
20170908,16.8,16.8,15.58,15.81,52936.059
20170907,15.69,15.98,15.59,15.94,37098.824
20170906,15.75,15.75,15.55,15.69,18771.923
20170905,15.77,15.85,15.62,15.78,20629.938
20170904,15.78,15.84,15.5,15.72,21602.571
20170901,15.69,15.84,15.54,15.71,27937.974
20170831,15.8,15.9,15.64,15.69,20839.661
20170830,15.9,16.17,15.79,15.8,31300.207
20170829,16.1,16.43,15.97,16.06,71759.756
20170828,16.19,16.36,16.06,16.17,29404.126
20170825,15.8,16.41,15.75,16.19,38942.424
20170824,15.8,16.55,15.69,15.99,106397.363
20170823,15.77,15.85,15.71,15.8,19233.201
20170822,15.85,15.98,15.74,15.76,14885.467
20170821,16.3,16.3,15.8,16.0,17396.874
20170818,15.92,16.57,15.83,16.11,35621.543
20170817,15.27,16.12,15.2,16.0,44391.484
20170816,15.43,15.43,15.11,15.17,14527.544
20170815,15.53,15.53,15.25,15.31,14166.315
20170814,14.97,15.7,14.97,15.5,43460.488
20170811,15.33,15.7,15.0,15.0,65752.118
20170810,16.1,16.66,15.28,15.54,79603.601
20170727,15.7,16.08,15.5,15.97,45199.084
20170726,16.26,16.49,15.6,15.8,45895.799
20170725,16.0,16.2,15.8,15.8,18833.966
20170724,15.67,16.0,15.54,16.0,31003.074
20170721,15.5,15.68,15.45,15.66,15793.773
20170720,15.53,15.65,15.45,15.5,15263.354
20170719,15.68,15.68,15.33,15.53,26164.004
20170718,15.42,15.87,15.41,15.68,12804.64
20170717,16.25,16.25,15.0,15.68,45962.446
20170714,16.04,16.2,15.92,16.2,19242.795
20170713,16.14,16.19,15.85,16.04,14029.311
20170712,16.32,16.32,15.93,16.06,34313.908
20170711,16.29,16.5,15.99,16.29,48164.761
20170710,16.59,16.68,16.23,16.26,26045.623
20170707,16.56,16.85,16.33,16.6,56037.338
20170706,16.78,16.78,16.58,16.61,38388.099
20170705,16.75,17.08,16.51,16.78,66094.573
20170704,15.84,16.88,15.57,16.81,150368.801
20170703,15.71,16.07,15.33,15.84,88940.388
20170630,15.43,15.74,15.36,15.6,51545.169
20170629,15.51,15.73,15.21,15.43,70785.762
20170628,15.68,16.05,15.45,15.5,56011.288
20170627,14.9,16.08,14.89,15.69,116395.536
20170626,15.08,15.1,14.88,14.95,56004.924
20170623,14.9,15.11,14.9,15.09,30392.871
20170622,15.0,15.25,14.92,14.92,41929.864
20170621,15.01,15.13,14.9,15.06,23725.949
20170620,15.3,15.45,15.0,15.02,31844.691
20170619,15.25,15.48,15.17,15.3,20403.354
20170616,15.24,15.41,15.1,15.3,31135.331
20170615,14.98,15.65,14.85,15.31,65192.23
20170614,14.63,15.17,14.53,15.06,39630.517
20170613,14.87,14.87,14.59,14.74,32199.172
20170612,15.18,15.18,14.64,14.65,47902.47
20170609,15.03,15.64,15.0,15.26,70913.502
20170608,14.82,15.48,14.7,15.11,83898.787
20170607,14.62,15.03,14.59,14.81,55167.901
20170606,14.6,14.77,14.56,14.62,22141.279
20170605,14.71,14.99,14.51,14.68,45018.87
20170602,14.46,15.28,13.96,14.81,45465.198
20170601,14.41,14.97,14.41,14.6,39358.826
20170531,14.54,14.62,14.44,14.55,23519.639
20170526,14.41,14.58,14.32,14.41,19435.656
20170525,14.7,14.7,14.26,14.55,33260.585
20170524,13.96,14.76,13.9,14.62,57696.532
20170523,14.42,14.55,14.01,14.02,30033.647
20170522,14.4,14.78,14.2,14.5,39326.039
20170519,14.16,14.28,14.1,14.23,17313.26
20170518,14.3,14.45,14.1,14.19,37220.055
20170517,14.57,14.77,14.46,14.5,28834.986
20170516,14.5,14.77,14.2,14.6,45067.289
20170515,14.6,14.68,14.18,14.55,50947.41
20170512,15.0,15.0,14.18,14.35,91021.314
20170511,13.51,14.93,13.26,14.93,91983.09
20170510,13.59,13.96,13.55,13.57,21685.017
20170509,13.48,13.7,13.43,13.62,26787.242
20170508,13.67,14.0,13.4,13.5,24210.721
20170505,14.08,14.27,13.69,13.76,26634.678
20170504,14.37,14.37,14.01,14.2,13094.311
20170503,14.42,14.59,14.3,14.38,13820.724
20170502,14.34,14.58,14.34,14.43,13558.406
20170428,14.07,14.8,13.86,14.54,31273.341
20170427,14.15,14.37,13.17,14.34,40075.777
20170426,14.26,14.42,14.14,14.16,16494.338
20170425,14.31,14.55,14.15,14.25,18656.203
20170424,14.89,14.89,14.28,14.28,26418.048
20170421,15.22,15.22,14.91,14.91,25239.935
20170420,15.22,15.4,14.9,15.05,32128.701
20170419,15.37,15.38,15.11,15.23,24513.469
20170418,15.34,15.9,15.21,15.37,33023.301
20170417,15.51,15.57,15.0,15.2,77856.275
20170414,16.37,16.47,15.51,15.67,85907.261
20170413,16.25,16.56,16.2,16.37,42045.333
20170412,16.36,16.4,16.18,16.26,27079.976
20170411,16.21,16.5,16.16,16.37,35081.668
20170410,16.71,16.71,16.3,16.3,43446.902
20170407,16.69,16.79,16.54,16.68,39848.694
20170406,16.68,16.79,16.51,16.69,29008.291
20170405,16.44,16.85,16.36,16.78,54275.264
20170331,16.33,16.58,16.2,16.5,38792.877
20170330,16.5,16.5,15.99,16.25,64966.429
20170329,16.78,16.85,16.53,16.53,55013.465
20170328,16.86,17.12,16.68,16.79,40072.602
20170327,16.84,17.07,16.83,16.89,52824.211
20170324,17.09,17.1,16.79,16.95,62389.092
20170323,16.81,17.0,16.65,16.98,90904.841
20170322,16.61,16.95,16.51,16.8,102259.392
20170321,16.48,16.78,16.46,16.7,101057.472
20170320,16.48,16.69,16.3,16.47,54536.223
20170317,16.31,16.65,16.31,16.47,87566.047
20170316,16.14,16.39,16.1,16.34,55713.284
20170315,16.37,16.37,16.04,16.09,54688.601
20170314,16.55,16.57,16.34,16.38,38999.631
20170313,16.63,16.63,16.32,16.53,50826.738
20170310,16.5,16.82,16.45,16.62,84566.461
20170309,16.52,16.55,16.33,16.46,49897.837
20170308,16.62,16.63,16.4,16.52,58272.639
20170307,16.23,16.95,16.21,16.6,186551.507
20170306,16.07,16.25,15.88,16.24,79845.753
20170303,15.83,16.06,15.6,15.98,58138.522
20170302,16.16,16.16,15.85,15.85,54632.58
20170301,16.08,16.13,15.93,16.06,51307.204
20170228,16.09,16.17,15.9,16.16,54308.111
20170227,16.28,16.4,16.16,16.17,44033.611
20170224,16.4,16.44,16.2,16.33,58716.61
20170223,16.37,16.54,16.18,16.45,98207.809
20170222,16.06,16.36,16.03,16.36,114562.485
20170221,15.93,16.09,15.9,16.04,79418.105
20170220,16.11,16.18,15.84,15.97,79682.964
20170217,15.99,16.13,15.84,16.08,75139.732
20170216,16.08,16.18,15.76,15.98,116788.967
20170215,16.56,16.56,15.95,16.01,173525.419
20170214,16.95,16.99,16.41,16.56,131249.38
20170213,17.23,17.24,16.83,16.96,93238.511
20170210,17.39,17.48,17.18,17.28,52543.04
20170209,16.95,17.5,16.95,17.37,101782.351
20170208,16.89,16.96,16.67,16.9,53633.621
20170207,16.82,16.9,16.68,16.9,44919.475
20170206,16.71,16.98,16.6,16.82,45412.815
20170203,16.77,17.0,16.61,16.67,44415.688
20170126,16.46,16.89,16.37,16.6,41464.369
20170125,16.3,16.49,16.25,16.38,45651.833
20170124,16.8,16.83,16.4,16.4,42055.878
20170123,16.59,17.1,16.45,16.74,71497.587
20170120,16.4,16.72,16.23,16.59,70035.717
20170119,16.33,16.68,16.05,16.42,88526.678
20170118,16.77,16.77,16.35,16.35,84421.644
20170117,17.01,17.13,16.03,16.77,123967.422
20170116,18.1,18.4,16.5,17.3,160495.056
20170113,18.65,18.94,17.81,18.25,165858.526
20170112,18.5,20.0,18.11,18.9,378897.461
20170111,19.01,19.7,18.29,18.5,257554.767
20170110,17.81,19.79,17.7,19.78,464143.499
20170109,18.65,18.85,17.86,17.99,314508.761
20170106,19.6,20.27,19.59,19.59,132052.549
20161102,23.0,23.0,21.5,21.77,191803.317
20161101,22.32,22.9,22.09,22.9,133481.13
20161031,22.3,22.42,21.72,22.4,114700.163
20161028,22.3,23.07,22.03,22.42,137123.3363
20161027,21.91,22.77,21.91,22.38,182252.3253
20161026,21.85,22.53,21.51,22.18,213946.1992
20161025,20.75,22.5,20.43,21.98,325019.9589
20161024,21.47,21.49,20.88,20.9,166625.2017
20161021,20.71,21.49,20.56,21.29,143421.3213
20161020,21.0,21.3,20.68,20.82,131356.822
20161019,21.31,21.65,20.68,21.37,202490.2244
20161018,20.08,21.49,19.96,21.31,228847.9078
20161017,19.25,20.45,19.23,20.16,272571.2549
20161014,18.86,19.51,18.86,19.45,74364.3943
20161013,18.9,19.43,18.85,18.99,73267.2614
20161012,19.11,19.24,18.72,18.93,45101.5821
20161011,19.06,19.45,18.85,19.25,89610.3052
20161010,18.75,19.15,18.6,19.1,59621.7941
20160930,18.34,18.79,18.22,18.79,21198.1086
20160929,18.28,18.43,18.18,18.34,27276.4023
20160928,18.28,18.3,18.13,18.22,14314.4381
20160927,18.35,18.51,17.82,18.33,49465.6676
20160926,18.58,18.85,18.22,18.32,55258.485
20160923,18.82,18.82,18.48,18.53,18445.0283
20160922,18.71,18.83,18.48,18.6,43772.7719
20160921,18.88,19.05,18.56,18.57,39727.6654
20160920,18.85,18.93,18.55,18.87,42775.6275
20160919,18.5,18.79,18.5,18.79,19868.4472
20160914,18.12,18.68,18.11,18.49,30742.7036
20160913,18.78,18.79,18.19,18.37,47225.9443
20160912,18.6,18.99,18.56,18.64,76209.6352
20160909,19.23,19.33,18.9,19.28,68028.5894
20160908,19.5,19.5,19.0,19.22,60969.1221
20160907,18.8,19.68,18.75,19.5,135747.7596
20160906,18.77,18.98,18.43,18.96,62611.6174
20160905,18.28,18.79,18.28,18.72,43482.1877
20160902,18.53,18.59,18.25,18.27,30351.8409
20160901,18.51,18.75,18.3,18.57,47641.5682
20160831,18.15,18.55,18.07,18.37,31971.136
20160830,18.24,18.27,18.06,18.17,21826.4996
20160829,18.2,18.46,18.0,18.1,40569.8634
20160826,18.48,18.48,18.25,18.26,31706.702
20160825,18.57,18.57,18.0,18.4,51641.1065
20160824,18.71,18.75,18.31,18.6,55461.6863
20160823,18.69,18.85,18.41,18.7,41134.417
20160822,18.4,19.05,18.4,18.68,78332.1009
20160819,18.52,18.82,18.3,18.51,62599.701
20160818,18.99,19.03,18.21,18.6,158080.6134
20160817,18.35,19.42,18.35,18.98,130449.1762
20160816,18.05,18.32,17.98,18.25,75604.2614
20160815,17.88,18.42,17.64,18.04,117923.0386
20160812,17.87,18.17,17.5,17.84,96427.9698
20160811,18.75,18.77,17.87,17.87,124468.5498
20160810,19.4,19.42,18.75,18.75,65419.2617
20160809,19.13,19.43,18.8,19.34,64191.5392
20160808,18.9,19.14,18.53,19.14,39288.7578
20160805,19.29,19.36,18.8,18.88,48634.5013
20160804,19.12,19.36,18.85,19.35,45017.5106
20160803,18.98,19.14,18.78,19.12,39932.8842
20160802,18.61,19.05,18.45,19.0,52341.3134
20160801,18.61,19.0,18.18,18.61,68433.3997
20160729,19.28,19.4,18.53,18.66,59845.5124
20160728,18.77,19.36,18.6,19.17,91903.0722
20160727,20.15,20.34,18.25,18.78,179418.3197
20160726,20.22,20.56,19.96,20.12,175739.2529
20160725,19.15,20.33,19.15,20.33,169135.2338
20160722,19.9,20.06,19.1,19.31,113915.2874
20160721,19.95,20.67,19.69,20.01,184936.4845
20160720,19.87,20.05,19.5,19.84,172750.9435
20160719,19.0,20.18,18.84,19.5,344802.9857
20160718,17.69,19.47,17.61,19.21,310256.8139
20160715,17.7,17.87,17.58,17.7,86550.2143
20160714,17.76,17.95,17.53,17.67,74310.6082
20160713,17.65,17.75,17.47,17.74,67132.938
20160712,17.3,17.69,17.0,17.65,71970.822
20160711,17.46,17.77,17.2,17.26,64890.6365
20160708,17.5,17.7,17.46,17.52,33278.4577
20160707,17.82,17.85,17.29,17.44,80765.6009
20160706,18.08,18.09,17.56,17.82,85473.6006
20160705,18.22,18.46,18.05,18.09,93936.4579
20160704,17.8,18.26,17.43,18.25,141632.7192
20160701,18.06,18.18,17.7,17.82,32973.4918
20160630,18.44,18.44,17.95,18.06,41841.5431
20160629,17.8,18.49,17.72,18.2,90758.6106
20160628,17.66,17.84,17.56,17.66,53964.7653
20160627,17.53,17.99,17.53,17.91,40603.8374
20160624,17.82,17.99,16.86,17.85,39855.0513
20160623,17.99,18.13,17.6,17.85,39298.1706
20160622,17.86,18.2,17.77,18.11,27387.4289
20160621,17.82,18.2,17.72,17.87,45314.4725
20160620,18.01,18.01,17.6,17.65,45565.9162
20160617,18.1,18.38,17.55,17.95,87545.8995
20160616,18.15,18.56,18.06,18.1,58566.3618
20160615,17.5,18.41,17.38,18.33,95362.9025
20160614,18.25,18.3,17.42,17.78,83021.3882
20160613,19.32,19.32,18.0,18.25,68428.201
20160608,20.27,20.27,19.3,19.6,97225.7918
20160607,19.06,20.1,18.56,20.04,119018.0048
20160606,19.31,20.55,18.75,19.19,275684.2281
20160603,17.98,19.03,17.85,18.88,150843.4126
20160602,17.55,18.18,17.55,18.14,77425.9037
20160601,17.35,17.56,17.2,17.4,73366.1849
20160531,16.2,17.66,16.06,17.11,70003.9231
20160530,15.93,16.25,15.45,16.2,45793.4044
20160527,16.06,16.11,15.89,15.91,19409.2095
20160526,16.14,16.2,15.66,15.99,16928.6147
20160525,16.55,16.58,15.94,16.0,27734.498
20160524,16.63,16.63,15.98,16.53,31936.3398
20160523,16.37,16.66,16.3,16.64,23272.3826
20160520,15.81,16.54,15.6,16.37,37194.8016
20160519,15.93,16.35,15.65,15.91,37576.4249
20160518,16.14,16.14,15.68,16.0,20223.325
20160517,16.45,16.56,15.88,16.16,26942.5252
20160516,15.97,16.32,15.86,16.28,32723.2499
20160513,16.21,16.43,15.86,15.97,20504.1469
20160512,16.15,16.44,15.7,16.3,25719.4228
20160511,16.96,17.05,16.0,16.3,85000.4291
20160510,16.8,16.95,16.56,16.76,23087.4853
20160509,17.31,17.4,16.5,16.8,44926.0567
20160506,18.48,18.62,17.49,17.5,112959.6063
20160505,18.34,18.53,17.89,18.49,90878.6047
20160504,18.06,18.49,18.01,18.45,61142.416
20160503,17.58,18.28,17.35,18.0,53070.587
20160429,17.7,17.9,17.38,17.5,46177.2321
20160428,17.92,18.05,17.2,17.9,34811.2366
20160427,18.08,18.4,17.87,18.05,42503.4671
20160426,18.0,18.1,17.69,17.92,24988.9452
20160425,18.0,18.0,17.55,18.0,39670.7111
20160422,18.15,18.15,17.71,17.95,28266.4294
20160421,18.4,18.58,17.6,17.8,70110.517
20160420,19.12,19.27,17.3,18.6,79105.1151
20160419,18.79,19.69,18.78,19.12,101063.3607
20160418,18.87,18.99,18.44,18.63,66722.9822
20160415,19.22,19.31,18.9,19.0,57686.6233
20160414,19.72,19.9,19.02,19.21,74518.279
20160413,19.02,19.91,19.0,19.47,62420.0125
20160412,19.26,19.4,18.65,19.0,42393.5787
20160411,19.2,19.59,18.97,19.25,57864.4094
20160408,19.37,19.63,18.22,19.2,107647.0372
20160407,20.11,20.5,19.52,19.65,71479.8559
20160406,19.65,20.84,19.49,20.28,98753.4165
20160405,19.66,19.98,19.07,19.87,103221.5404
20160401,19.65,19.79,18.8,19.63,62504.78
20160331,19.28,20.25,19.12,19.82,127829.2775
20160330,18.41,19.5,18.3,19.22,73861.6208
20160329,18.99,18.99,18.18,18.6,61968.7758
20160328,18.56,19.2,18.46,19.1,115150.148
20160325,18.7,18.98,18.45,18.57,53790.4276
20160324,18.86,19.19,18.42,18.8,78329.1849
20160323,18.94,19.2,18.3,19.12,77079.0148
20160322,18.57,19.4,18.07,18.84,137548.5027
20160321,18.2,19.4,18.11,18.84,141548.673
20160318,16.9,18.29,16.8,18.05,140554.5719
20160317,16.1,16.7,16.03,16.7,62708.9968
20160316,16.31,16.66,15.88,15.9,42199.8235
20160315,16.76,16.86,16.12,16.21,55682.574
20160314,15.88,17.1,15.85,16.58,85645.0939
20160311,15.55,15.73,15.01,15.58,29551.01
20160310,16.14,16.4,15.51,15.55,35570.8846
20160309,16.15,16.4,15.71,16.14,57462.5981
20160308,16.11,16.47,14.94,16.43,60170.0876
20160307,16.15,16.59,15.99,16.1,73299.1305
20160304,17.08,17.26,15.62,15.82,125986.9383
20160303,17.34,17.8,17.1,17.35,113705.7533
20160302,16.0,17.82,15.78,17.6,216614.6147
20160301,15.88,16.36,14.65,16.2,121667.9575
20160229,17.18,17.73,16.2,16.21,106776.0816
20160226,18.34,18.34,16.7,18.0,136881.4178
20160225,20.07,20.08,18.09,18.09,130241.9037
20160224,20.2,20.95,19.85,20.1,110194.3342
20160223,20.83,21.15,19.91,20.3,93329.2363
20160222,21.0,21.14,20.25,20.8,132179.3334
20160219,20.98,21.15,20.15,20.5,136069.9705
20160218,22.24,22.69,21.01,21.15,130160.2289
20160217,20.85,22.3,20.75,22.22,195844.3905
20160216,19.58,20.8,19.51,20.8,101209.2353
20160215,18.39,19.98,18.02,19.53,84340.9364
20160205,19.28,19.28,18.3,18.6,43293.4452
20160204,18.66,19.16,18.39,19.0,77565.98
20160203,18.33,19.18,18.1,18.7,95326.0238
20160202,16.68,18.35,16.68,18.35,114173.4924
20160201,16.83,17.1,16.26,16.68,31091.6611
20160129,15.78,17.1,15.45,16.88,61807.3581
20160128,15.7,16.28,15.43,15.8,50876.1714
20160127,16.81,16.81,15.4,15.9,78204.1369
20160126,17.48,17.65,15.95,16.21,66063.5874
20160125,17.35,18.36,17.35,17.67,74386.1034
20160122,17.48,17.56,16.4,17.29,65080.3765
20160121,17.78,18.39,16.66,17.05,78842.9423
20160120,18.1,18.77,17.77,18.1,92285.07
20160119,16.71,18.55,16.58,18.39,115825.1848
20160118,15.79,17.01,15.5,16.9,86644.2916
20160115,16.3,17.1,15.9,15.98,103135.8976
20160114,14.9,16.67,14.4,16.64,128497.4076
20160113,16.05,16.3,15.6,15.6,68262.8563
20160112,15.66,16.7,15.28,15.9,130886.0602
20160111,17.16,17.21,15.66,15.66,104171.4014
20160108,17.93,18.76,16.18,17.4,151366.9794
20160107,19.49,19.49,17.9,17.9,21810.5953
20160106,19.76,20.21,18.58,19.89,108680.1742
20160105,19.8,20.9,18.92,19.74,116775.3448
20160104,23.19,23.2,21.02,21.02,63339.6105
20151231,23.73,23.96,23.0,23.35,107711.9145
20151230,24.05,24.6,23.5,23.73,97171.3915
20151229,23.5,24.08,23.2,24.08,130113.2392
20151228,24.84,24.88,23.69,23.69,208171.5416
20151225,24.7,24.99,24.17,24.82,96071.6773
20151224,24.11,24.56,23.75,24.56,92591.2459
20151223,24.25,24.39,23.8,24.02,84093.5435
20151222,24.71,25.15,23.65,24.46,157919.7989
20151221,25.6,26.12,24.55,24.61,220739.3973
20151218,26.05,26.3,25.41,25.84,101973.5604
20151217,25.99,26.48,25.5,25.84,207463.2634
20151216,25.0,26.13,24.71,25.99,161361.8211
20151215,23.73,25.51,23.31,24.9,157167.8867
20151214,23.03,23.8,22.61,23.73,121874.5
20151211,23.38,24.05,22.97,22.97,74871.5783
20151210,22.91,23.8,22.91,23.16,93413.8733
20151209,23.74,23.76,22.9,23.09,75589.5807
20151208,22.82,24.35,22.82,23.74,192776.2267
20151207,23.98,24.49,22.89,23.22,216476.9513
20151204,23.83,24.61,23.7,24.14,111207.6857
20151203,23.0,24.66,22.62,24.1,169417.0128
20151202,24.0,24.42,22.2,22.88,136131.6579
20151201,24.12,24.98,23.72,23.99,80665.109
20151130,25.1,25.75,22.6,24.48,221872.7617
20151127,27.18,27.19,24.74,25.0,203006.7685
20151126,28.4,28.4,27.48,27.49,160231.9531
20151125,27.04,28.47,26.26,27.95,221840.6359
20151124,25.58,27.1,24.88,27.1,267652.1663
20151123,24.6,26.06,24.51,25.33,219678.085
20151120,24.38,25.87,24.29,24.99,207037.4752
20151119,22.84,25.03,22.8,24.59,172192.8779
20151118,24.35,24.7,22.69,23.0,137665.9802
20151117,24.92,26.3,24.1,24.2,251449.1914
20151116,22.53,25.0,22.24,24.8,211329.7481
20151113,24.37,24.82,23.0,23.05,268899.6288
20151112,26.15,26.48,24.2,25.0,283307.6566
20151111,24.06,26.77,24.06,26.51,316744.8441
20151110,24.01,24.8,23.62,24.4,229721.2158
20151109,24.5,26.17,24.2,24.35,444091.3496
20151106,24.6,25.8,24.1,25.1,455015.0712
20151105,23.25,24.1,22.5,24.1,625541.073
20151104,19.99,21.91,19.99,21.91,206781.1868
20151103,18.8,20.25,18.66,19.92,201318.0728
20151102,18.0,20.22,17.7,18.93,229826.3517
20151030,18.5,19.95,17.58,18.95,239523.3688
20151029,18.18,18.67,17.5,18.14,104624.1943
20151028,19.0,19.44,17.81,18.12,188010.5214
20151027,19.76,19.89,17.99,19.4,151173.8713
20151026,19.67,20.34,19.21,19.99,202495.1071
20151023,18.98,19.8,18.51,19.5,229383.8347
20151022,17.73,18.89,17.18,18.67,139478.2087
20151021,19.79,20.5,17.69,17.69,261565.0259
20151020,18.6,19.97,18.37,19.65,184391.6934
20151019,18.0,19.72,17.7,18.71,229621.2804
20151016,17.28,18.6,17.2,18.11,190102.2731
20151015,16.93,17.5,16.47,17.23,124702.5248
20151014,17.03,17.55,16.63,16.93,146305.1232
20151013,17.09,17.68,16.71,17.3,97466.2519
20151012,16.51,17.29,16.15,17.24,168093.7419
20151009,15.65,16.27,15.5,16.07,105454.5419
20151008,14.89,15.8,14.89,15.65,83419.4332
20150930,15.29,15.7,14.31,14.5,100839.9863
20150929,15.64,16.93,15.2,15.25,119593.0165
20150928,15.26,16.05,14.8,15.8,86116.5566
20150925,16.36,17.0,14.98,15.22,188183.5584
20150924,15.5,16.74,15.48,16.32,190013.1941
20150923,14.22,16.26,14.22,15.6,210564.0951
20150922,14.73,15.41,14.44,14.78,139565.9115
20150921,13.05,14.88,13.02,14.6,147462.3825
20150918,13.18,13.75,12.9,13.53,78547.6919
20150917,12.55,13.67,12.34,13.12,191802.2553
20150916,11.46,12.43,11.0,12.43,114069.9564
20150915,11.5,12.75,11.11,11.3,76323.438
20150914,13.8,14.14,12.29,12.29,130498.7481
20150911,13.6,14.22,13.56,13.65,111358.1713
20150910,13.45,14.29,13.16,13.89,116876.8367
20150909,13.7,14.37,12.99,13.71,170249.4406
20150908,12.65,13.62,12.58,13.5,77203.3012
20150907,12.13,13.08,11.9,12.9,148370.6712
20150902,11.89,13.26,11.89,11.89,128544.561
20150901,14.01,14.25,13.21,13.21,68736.5116
20150831,15.1,15.13,14.1,14.68,96855.4704
20150828,14.5,15.8,14.1,15.47,180399.3759
20150827,14.12,14.5,13.1,14.44,148147.4041
20150826,13.5,14.97,13.2,14.3,241214.2751
20150825,14.67,14.67,14.67,14.67,13120.848
20150824,16.66,16.95,16.3,16.3,99532.026
20150821,19.34,19.73,18.11,18.11,257520.4423
20150820,19.89,21.3,18.68,20.12,199714.2509
20150819,18.5,20.96,18.19,20.01,178739.097
20150818,22.3,22.38,20.21,20.21,217108.5425
20150817,22.08,22.77,20.98,22.45,241938.0231
20150814,22.09,23.85,22.09,22.58,435342.9721
20150813,21.3,21.91,20.65,21.68,210962.4659
20150812,21.9,22.73,21.0,21.59,422389.8183
20150811,20.95,21.7,20.03,21.7,586312.2981
20150810,18.78,19.73,18.78,19.73,227670.2493
20150807,16.6,17.94,16.32,17.94,200438.339
20150806,16.17,17.03,16.01,16.31,129631.3215
20150805,17.18,17.42,16.5,16.52,154629.3758
20150804,16.45,17.9,15.15,17.69,286856.2045
20150803,18.59,18.59,16.83,16.83,156033.5627
20150731,18.97,19.62,18.01,18.7,122393.4892
20150730,19.91,20.69,19.01,19.06,156079.0204
20150729,19.77,20.48,17.83,20.35,224401.7823
20150728,18.53,20.74,17.93,19.4,216013.043
20150727,21.5,23.14,19.72,19.92,309555.3566
20150724,22.52,23.74,21.28,21.87,270020.0122
20150723,21.08,22.62,20.8,22.4,244119.5641
20150722,21.55,21.93,20.61,21.3,190817.0618
20150721,20.28,22.2,20.0,21.53,289550.3432
20150720,18.36,20.25,18.28,20.25,319524.1461
20150717,17.27,18.55,16.93,18.41,216801.4992
20150716,16.01,18.3,15.89,16.93,206878.1213
20150715,21.45,21.45,17.55,17.66,390038.4905
20150714,19.5,19.5,19.5,19.5,6515.418
20150706,21.67,21.67,17.73,17.73,345859.0285
20150703,18.44,22.44,18.37,19.7,350422.9119
20150702,21.0,23.53,19.63,20.41,364194.118
20150701,21.08,23.0,20.98,21.81,274147.7814
20150630,18.38,20.91,17.15,20.91,243628.636
20150629,21.5,21.5,18.86,19.01,318910.3867
20150626,22.4,22.4,20.93,20.96,258825.2196
20150625,25.2,25.2,23.2,23.25,292319.8346
20150624,26.7,27.06,24.5,25.2,325043.8873
20150623,25.3,26.98,24.8,26.61,232584.8122
20150619,25.38,26.0,24.05,25.51,252066.1973
20150618,29.51,29.56,26.61,26.61,309613.8628
20150617,30.98,31.38,28.7,29.57,337068.3819
20150616,32.51,32.75,30.15,30.46,412988.7658
20150615,35.3,36.97,33.3,33.5,579494.9914
20150612,32.0,35.37,31.1,34.59,743460.9564
20150611,29.8,32.92,29.7,32.15,583068.6316
20150610,29.0,31.0,28.91,30.3,346992.5757
20150609,30.96,30.96,29.0,29.68,314210.8375
20150608,29.72,31.77,29.12,30.22,677061.8733
20150605,28.76,31.0,28.01,30.0,765156.2096
20150604,28.52,29.5,26.37,28.2,819882.3171
20150603,33.94,33.98,29.04,29.04,1722052.4579
20150602,31.35,31.35,31.35,31.35,55950.972
20150601,28.5,28.5,28.5,28.5,8655.3645
20150529,25.91,25.91,25.9,25.91,651489.4233
20150528,23.55,23.55,23.55,23.55,3979.0316
20150527,21.41,21.41,21.41,21.41,1447.4016
20150526,19.46,19.46,19.46,19.46,1343.6157
20150525,17.69,17.69,17.69,17.69,3933.0885
20150522,16.08,16.08,16.08,16.08,1314.9902
20150521,14.62,14.62,14.62,14.62,1395.8591
20150520,13.29,13.29,13.29,13.29,282.1467
20150519,12.08,12.08,12.08,12.08,1087.647
20150513,10.98,10.98,10.98,10.98,385.5407
20141124,10.1,10.28,9.96,9.98,44820.4766
20141121,9.84,10.19,9.74,10.06,37312.7089
20141120,9.9,9.94,9.77,9.84,18600.2282
20141119,9.66,9.98,9.66,9.9,29072.7032
20141118,9.75,9.9,9.62,9.79,27919.6942
20141117,9.51,9.88,9.06,9.82,38829.7963
20141114,9.64,9.68,9.31,9.5,31846.612
20141113,9.76,9.95,9.6,9.65,30684.5116
20141112,9.69,9.98,9.66,9.9,38692.7646
20141111,10.1,10.1,9.52,9.75,70315.8505
20141110,10.3,10.33,10.04,10.12,46245.8249
20141107,11.16,11.16,9.98,10.3,195173.5816
20141106,11.1,11.3,10.98,11.09,57783.172
20141105,11.11,11.36,10.97,11.08,64224.589
20141104,11.0,11.38,10.92,11.13,82371.768
20141103,10.45,11.1,10.45,11.09,89722.8082
20141031,10.6,10.69,10.37,10.5,45128.8148
20141030,10.53,10.68,10.47,10.59,52326.5272
20141029,10.58,10.89,10.42,10.54,51791.1446
20141028,10.36,10.63,10.36,10.58,42722.2412
20141027,10.41,10.66,10.4,10.41,23329.8322
20141024,10.55,10.87,10.45,10.58,48844.1816
20141023,10.41,10.6,10.17,10.6,49287.3197
20141022,10.4,10.92,10.3,10.48,93874.9325
20141021,9.96,10.49,9.9,10.48,109492.0574
20141020,10.26,10.36,9.72,9.89,125504.7615
20141017,10.21,10.41,9.71,10.09,85868.4567
20141016,10.75,11.11,10.2,10.23,58647.3801
20141015,10.92,10.98,10.54,10.7,49962.5537
20141014,10.84,11.16,10.67,10.92,86620.6885
20141013,10.2,10.92,9.8,10.85,92952.0378
20141010,10.41,10.59,10.19,10.25,56073.0582
20141009,9.7,10.6,9.61,10.5,95429.1825
20141008,9.64,9.87,9.56,9.68,36576.3412
20140930,9.35,9.73,9.31,9.65,40601.2188
20140929,9.44,9.48,9.28,9.35,31833.8478
20140926,9.31,9.47,9.28,9.44,20524.8743
20140925,9.62,9.7,9.29,9.4,35373.4596
20140924,9.67,9.87,9.55,9.6,32886.3593
20140923,9.39,9.74,9.32,9.66,26353.6954
20140922,9.48,9.65,9.28,9.37,22297.6993
20140919,9.23,9.67,9.13,9.47,26712.1317
20140918,9.1,9.34,8.86,9.23,32169.7875
20140917,9.31,9.44,8.6,9.1,57113.9145
20140916,9.69,9.97,9.33,9.33,56050.0807
20140915,9.7,9.8,9.5,9.71,35766.2122
20140912,9.37,9.8,9.1,9.58,48388.6038
20140911,9.82,9.83,9.26,9.37,53798.8378
20140910,9.15,10.0,9.03,9.6,46287.9505
20140909,9.28,9.49,9.15,9.19,37821.0359
20140905,8.85,9.49,8.76,9.34,66128.9756
20140904,8.66,8.8,8.53,8.8,37248.5757
20140903,8.62,8.85,8.45,8.65,56188.2959
20140902,8.48,8.65,8.43,8.63,55036.6009
20140901,8.52,8.57,8.27,8.48,49907.6903
20140829,8.51,8.79,8.38,8.48,67953.6894
20140828,8.21,8.83,8.01,8.71,81653.5467
20140827,8.0,8.8,7.93,8.38,100785.89
20140826,7.8,8.0,7.7,8.0,38448.2638
20140825,7.66,7.88,7.66,7.79,28408.068
20140822,7.53,7.7,7.48,7.68,14347.9066
20140821,7.58,7.58,7.44,7.56,16693.5579
20140820,7.44,7.72,7.38,7.57,42439.9632
20140819,7.31,7.5,7.15,7.44,43148.3615
20140818,7.33,7.55,7.28,7.31,26732.0576
20140815,7.13,7.35,7.13,7.3,17446.7449
20140814,7.13,7.34,7.12,7.13,18714.3546
20140813,7.21,7.26,7.1,7.17,22560.9814
20140812,7.2,7.27,7.1,7.23,17626.5175
20140811,7.15,7.36,7.1,7.18,31888.2047
20140808,7.0,7.28,6.96,7.15,43179.8946
20140807,6.86,7.0,6.83,7.0,30079.8797
20140806,6.8,6.92,6.77,6.87,26359.1202
20140805,6.79,6.9,6.77,6.81,17886.0027
20140804,6.69,6.94,6.63,6.83,39115.2818
20140801,6.78,6.78,6.65,6.65,16738.4675
20140731,6.77,6.9,6.65,6.79,19527.1779
20140730,6.9,6.98,6.69,6.72,42067.2975
20140729,6.57,6.7,6.5,6.69,21802.627
20140728,6.51,6.63,6.42,6.56,23637.5326
20140725,6.44,6.52,6.34,6.5,11596.3224
20140724,6.3,6.44,6.21,6.44,12109.8234
20140723,6.48,6.48,6.29,6.3,12177.2012
20140722,6.53,6.58,6.45,6.45,18603.1242
20140721,6.56,6.56,6.43,6.54,6513.6106
20140718,6.44,6.56,6.43,6.52,7510.6722
20140717,6.5,6.5,6.39,6.44,6220.2074
20140716,6.53,6.61,6.44,6.5,10372.9222
20140715,6.68,6.72,6.48,6.53,19123.1492
20140714,6.44,6.84,6.39,6.71,40957.2526
20140711,6.4,6.51,6.4,6.45,7963.5949
20140710,6.34,6.48,6.34,6.4,9640.9178
20140709,6.61,6.61,6.37,6.38,16880.4583
20140708,6.56,6.62,6.46,6.62,14359.6237
20140707,6.4,6.59,6.4,6.56,14866.7177
20140704,6.42,6.62,6.36,6.45,13588.6161
20140703,6.34,6.6,6.34,6.42,28333.9299
20140702,6.35,6.42,6.23,6.4,18546.3231
20140701,6.13,6.32,6.08,6.32,17516.8041
20140630,6.18,6.21,6.08,6.13,9484.1686
20140627,6.25,6.3,6.11,6.12,12193.4923
20140626,6.16,6.25,6.09,6.23,11168.1522
20140625,6.2,6.25,6.12,6.13,5239.2857
20140624,6.25,6.28,6.11,6.19,11911.0507
20140623,6.05,6.24,6.05,6.22,13842.0742
20140620,5.96,6.05,5.9,6.05,7081.3985
20140619,6.07,6.14,5.5,5.99,16517.4118
20140618,6.11,6.15,6.06,6.07,9155.9309
20140617,6.07,6.24,6.02,6.1,20715.8273
20140616,6.04,6.08,5.98,6.07,13724.9812
20140613,5.77,6.1,5.73,6.04,33249.8027
20140612,5.74,5.78,5.68,5.76,11791.4187
20140611,5.79,5.79,5.69,5.74,9598.3455
20140610,5.74,5.76,5.65,5.75,8742.5229
20140609,5.7,5.8,5.69,5.74,6693.5291
20140606,5.8,5.86,5.72,5.75,9332.1014
20140605,5.86,5.87,5.74,5.86,8255.3158
20140604,5.86,5.86,5.7,5.8,9859.9541
20140603,5.81,5.87,5.74,5.86,18882.6192
20140530,6.0,6.02,5.88,5.89,25215.7835
20140529,6.08,6.14,6.04,6.04,14085.8091
20140528,6.05,6.13,6.0,6.1,16030.7142
20140527,6.14,6.16,6.05,6.08,10798.257
20140526,6.01,6.14,5.99,6.13,18712.2256
20140523,5.95,6.04,5.95,6.01,15257.8024
20140522,6.08,6.16,5.97,5.98,15305.2581
20140521,6.02,6.12,5.91,6.08,12867.7493
20140520,6.03,6.23,6.02,6.04,16779.2303
20140519,6.01,6.07,5.88,6.02,17636.4875
20140516,6.13,6.18,5.96,6.0,32313.8886
20140515,6.4,6.43,6.13,6.17,32608.3292
20140514,6.39,6.55,6.35,6.41,31840.7624
20140513,6.08,6.5,6.07,6.45,53780.6773
20140512,6.01,6.18,6.0,6.08,37812.4308
20140509,6.24,6.32,6.01,6.02,51249.79
20140508,6.22,6.49,6.12,6.33,59730.1802
20140507,6.5,6.6,6.2,6.28,78349.8688
20140506,6.48,6.77,6.28,6.59,103174.7464
20140505,6.53,6.88,6.39,6.48,108715.1153
20140430,6.58,6.78,6.38,6.58,85442.8016
20140429,6.1,6.72,6.08,6.6,89463.5796
20140428,6.23,6.58,6.11,6.18,77864.5995
20140425,5.89,6.53,5.82,6.36,92125.9728
20140424,6.05,6.08,5.9,5.94,31449.3665
20140423,6.27,6.35,6.09,6.09,38977.0844
20140422,6.06,6.36,5.96,6.29,54828.6229
20140421,5.86,6.3,5.86,6.09,65223.86
20140418,5.93,6.04,5.87,5.93,31003.7902
20140417,5.66,6.02,5.6,5.98,32633.7207
20140416,5.69,5.7,5.55,5.68,18016.3619
20140415,5.8,5.81,5.63,5.73,18881.5653
20140414,5.79,5.85,5.72,5.79,14698.7754
20140411,5.78,5.78,5.62,5.77,18212.9868
20140410,5.88,5.92,5.81,5.82,24559.5029
20140409,5.89,6.06,5.79,5.92,29535.8823
20140408,5.72,6.09,5.72,5.91,49613.3517
20140404,5.48,5.84,5.45,5.79,34073.5507
20140403,5.69,5.71,5.48,5.5,23854.4791
20140402,5.63,5.7,5.57,5.68,27234.2337
20140401,5.49,5.63,5.44,5.63,27356.2748
20140331,5.43,5.51,5.3,5.49,27267.0126
20140328,5.52,5.55,5.37,5.4,54639.7636
20140327,5.72,5.78,5.57,5.58,49888.2973
20140326,5.94,5.97,5.69,5.72,57062.7727
20140325,5.97,6.03,5.84,5.98,68994.3984
20140324,5.99,6.1,5.85,6.09,113906.7178
20140321,5.52,6.09,5.52,5.99,155397.9076
20140320,5.46,5.99,5.39,5.63,120701.5541
20140319,5.25,5.47,5.19,5.46,38406.4997
20140318,5.32,5.44,5.25,5.26,52045.8281
20140317,5.21,5.36,5.21,5.34,42861.4069
20140314,5.15,5.19,5.1,5.17,18424.3265
20140313,5.04,5.17,5.01,5.15,18871.5498
20140312,4.95,5.06,4.92,5.04,13117.3364
20140311,4.93,4.99,4.89,4.95,10723.1335
20140310,5.04,5.04,4.93,4.94,13607.5037
20140307,5.15,5.22,5.06,5.07,17834.2046
20140306,5.09,5.26,5.08,5.17,28628.0418
20140305,5.08,5.15,5.07,5.12,15979.0721
20140304,5.04,5.12,5.03,5.08,17625.3533
20140303,4.97,5.14,4.97,5.1,22533.8154
20140228,4.79,5.06,4.74,5.01,26083.0877
20140227,4.94,5.02,4.93,4.94,15491.8584
20140226,4.91,5.01,4.87,4.95,20340.577
20140225,5.12,5.14,4.87,4.91,22764.4646
20140224,5.0,5.1,4.96,5.1,21767.0144
20140221,5.09,5.12,4.98,5.0,22445.6601
20140220,5.17,5.21,5.07,5.08,23170.7271
20140219,5.18,5.22,5.11,5.17,29167.4288
20140218,5.27,5.27,5.15,5.18,34093.6197
20140217,5.27,5.32,5.2,5.25,37797.5571
20140214,5.1,5.25,5.08,5.21,37886.455
20140213,5.1,5.2,5.03,5.08,41164.3589
20140212,4.97,5.18,4.95,5.11,42412.6019
20140211,4.98,5.06,4.94,4.97,26252.5832
20140210,4.81,5.02,4.81,4.98,33506.2479
20140207,4.76,4.82,4.71,4.81,8155.0487
20140130,4.85,4.85,4.77,4.77,10494.9398
20140129,4.88,4.89,4.85,4.85,9159.7841
20140128,4.84,4.9,4.83,4.86,14703.4528
20140127,4.85,4.91,4.81,4.85,11354.4401
20140124,4.78,4.9,4.78,4.85,10524.8025
20140123,4.83,4.85,4.78,4.8,11985.4939
20140122,4.68,4.81,4.68,4.8,11073.827
20140121,4.63,4.74,4.63,4.68,6704.5661
20140120,4.67,4.7,4.61,4.63,6114.5236
20140117,4.7,4.75,4.66,4.67,7373.7633
20140116,4.68,4.78,4.66,4.74,11801.178
20140115,4.74,4.76,4.64,4.71,19438.7617
20140114,4.7,4.75,4.6,4.74,14385.5434
20140113,4.72,4.76,4.66,4.7,7286.9476
20140110,4.82,4.85,4.6,4.73,15553.3346
20140109,4.9,5.01,4.83,4.85,17025.9268
20140108,4.98,5.03,4.87,4.9,26053.5031
20140107,4.89,5.09,4.8,5.04,57706.6296
20140106,4.9,4.91,4.72,4.87,19529.9339
20140103,4.93,4.95,4.88,4.9,19977.24
20140102,4.92,5.04,4.9,4.95,18884.0556
20131231,4.83,4.97,4.79,4.93,28460.5166
20131230,4.7,4.86,4.69,4.83,26295.8794
20131227,4.64,4.73,4.61,4.7,7031.0278
20131226,4.74,4.76,4.61,4.61,7420.413
20131225,4.65,4.75,4.65,4.74,5590.6103
20131224,4.66,4.74,4.65,4.68,5345.1933
20131223,4.71,4.75,4.56,4.66,9402.7805
20131220,4.86,4.87,4.68,4.72,12318.6186
20131219,4.84,4.98,4.84,4.86,12684.9998
20131218,4.89,5.0,4.85,4.88,12583.1475
20131217,4.86,4.89,4.83,4.85,11028.2338
20131216,4.95,4.96,4.82,4.87,13854.6306
20131213,4.99,4.99,4.86,4.96,13144.7801
20131212,4.98,5.09,4.95,4.99,25137.5886
20131211,4.9,4.98,4.83,4.97,19379.5533
20131210,4.9,4.95,4.86,4.92,12114.7209
20131209,4.88,4.99,4.88,4.9,12333.6558
20131206,4.95,4.96,4.85,4.89,18816.6484
20131205,4.79,5.02,4.76,4.94,37134.9444
20131204,4.77,4.81,4.72,4.77,22478.5533
20131203,4.59,4.83,4.54,4.75,25401.9956
20131202,4.71,4.76,4.44,4.5,22033.6088
20131129,4.75,4.85,4.75,4.82,16538.664
20131128,4.73,4.8,4.72,4.76,16394.5465
20131127,4.66,4.74,4.65,4.73,10809.6745
20131126,4.7,4.72,4.65,4.69,10600.6859
20131125,4.73,4.77,4.65,4.72,10767.207
20131122,4.79,4.81,4.7,4.73,10455.8921
20131121,4.73,4.84,4.68,4.77,23884.0091
20131120,4.7,4.74,4.66,4.73,11633.9836
20131119,4.69,4.77,4.66,4.71,15069.3353
20131118,4.63,4.73,4.63,4.71,22421.0695
20131115,4.47,4.75,4.47,4.65,29974.5244
20131114,4.47,4.5,4.37,4.47,8845.9263
20131113,4.55,4.56,4.42,4.47,9474.7497
20131112,4.48,4.62,4.44,4.57,14630.0928
20131111,4.37,4.47,4.37,4.45,5461.6825
20131108,4.45,4.5,4.33,4.39,12179.6924
20131107,4.51,4.57,4.45,4.45,9572.9208
20131106,4.56,4.59,4.51,4.53,11627.0808
20131105,4.53,4.58,4.47,4.57,10698.7432
20131104,4.52,4.56,4.48,4.55,11146.602
20131101,4.44,4.52,4.42,4.48,9764.9147
20131031,4.49,4.51,4.41,4.47,12431.303
20131030,4.42,4.5,4.38,4.5,13688.5178
20131029,4.64,4.71,4.26,4.43,23929.4148
20131028,4.74,4.74,4.62,4.65,15101.1018
20131025,5.05,5.05,4.68,4.72,35793.3562
20131024,5.06,5.11,5.0,5.02,23059.2668
20131023,5.23,5.29,5.08,5.11,44316.9667
20131022,5.22,5.3,5.17,5.25,53738.0002
20131021,5.12,5.37,5.01,5.26,68263.2399
20131018,5.18,5.24,5.06,5.1,41944.0419
20131017,4.98,5.25,4.98,5.18,58778.5026
20131016,5.08,5.13,4.98,4.98,18435.1995
20131015,5.13,5.23,5.04,5.08,24720.5559
20131014,5.19,5.27,5.14,5.18,36483.5857
20131011,5.08,5.3,5.01,5.18,60720.0812
20131010,5.07,5.09,4.95,5.06,22788.0589
20131009,4.91,5.09,4.9,5.07,19900.0287
20131008,4.86,4.95,4.8,4.93,11424.5347
20130930,4.86,4.91,4.79,4.87,11266.8844
20130927,4.88,4.92,4.83,4.84,11510.3753
20130926,5.02,5.02,4.87,4.88,18260.9453
20130925,5.1,5.14,4.97,5.02,23772.6818
20130924,5.02,5.1,4.98,5.1,28804.1789
20130923,4.95,5.05,4.92,5.04,16893.369
20130918,4.97,5.02,4.89,4.95,13045.0167
20130917,4.93,5.1,4.9,5.0,26791.5327
20130916,4.95,4.96,4.89,4.93,12362.9185
20130913,5.0,5.05,4.92,4.93,14265.7737
20130912,5.04,5.08,4.99,4.99,19388.3128
20130911,4.99,5.1,4.88,5.05,35544.1339
20130910,5.0,5.02,4.94,4.99,21957.4603
20130909,5.0,5.01,4.92,4.99,18995.9466
20130906,4.9,5.05,4.87,5.01,33216.9871
20130905,4.86,4.95,4.83,4.89,18868.7709
20130904,4.8,4.86,4.73,4.86,16069.0398
20130903,4.73,4.8,4.73,4.79,11445.2129
20130902,4.7,4.75,4.62,4.75,11288.13
20130830,4.78,4.84,4.66,4.69,15899.7416
20130829,4.81,4.83,4.75,4.78,12372.1166
20130828,4.86,4.87,4.78,4.81,13402.5532
20130827,4.82,4.9,4.8,4.9,13460.061
20130826,4.74,4.83,4.72,4.81,14113.4803
20130823,4.83,4.89,4.66,4.73,14679.4923
20130822,4.9,4.93,4.86,4.87,14996.5106
20130821,4.84,4.9,4.78,4.88,15841.5303
20130820,4.87,4.97,4.8,4.86,13727.7729
20130819,4.74,4.88,4.71,4.88,13839.1849
20130816,4.98,5.02,4.78,4.78,21850.4314
20130815,5.03,5.09,4.96,4.97,21812.8995
20130814,5.12,5.15,4.96,5.01,26843.1986
20130813,5.0,5.11,4.99,5.11,30577.3785
20130812,4.99,5.05,4.9,5.03,35186.7855
20130809,4.97,5.09,4.95,5.04,20690.1936
20130808,4.98,5.0,4.9,4.95,22569.5029
20130807,5.12,5.14,4.99,5.0,30711.1416
20130806,5.16,5.17,5.06,5.14,29258.5081
20130805,5.08,5.18,5.03,5.16,33671.9511
20130802,5.2,5.2,5.08,5.08,39136.4059
20130801,5.19,5.28,5.05,5.19,52176.0039
20130731,5.24,5.4,5.09,5.19,55007.8839
20130730,5.25,5.28,5.1,5.14,61011.8737
20130729,4.86,5.49,4.73,5.34,106040.7849
20130726,4.6,5.05,4.53,4.99,60666.27
20130725,4.63,4.99,4.59,4.69,47129.5174
20130724,4.56,4.63,4.48,4.57,18616.6947
20130723,4.52,4.75,4.52,4.64,34316.8608
20130722,4.3,4.38,4.26,4.35,8477.2821
20130719,4.44,4.58,4.34,4.34,14401.9821
20130718,4.46,4.54,4.4,4.47,8929.3175
20130717,4.5,4.64,4.44,4.47,18527.3686
20130716,4.43,4.56,4.37,4.55,15093.4034
20130715,4.3,4.43,4.25,4.4,9077.0865
20130712,4.43,4.48,4.29,4.3,15026.3401
20130711,4.34,4.52,4.32,4.43,21981.0009
20130710,4.19,4.35,4.14,4.35,8818.9273
20130709,4.2,4.22,4.1,4.19,6983.545
20130708,4.4,4.4,4.16,4.18,9599.5221
20130705,4.38,4.5,4.32,4.45,18325.4619
20130704,4.25,4.38,4.21,4.35,11312.027
20130703,4.3,4.33,4.18,4.29,10270.7728
20130702,4.36,4.38,4.25,4.37,10195.6255
20130701,4.22,4.37,4.18,4.36,9644.3911
20130628,4.29,4.38,4.16,4.22,9732.7162
20130627,4.54,4.61,4.3,4.3,12063.6794
20130626,4.46,4.52,4.38,4.49,9868.6951
20130625,4.45,4.57,4.07,4.45,12998.0438
20130624,4.71,4.85,4.42,4.52,14605.3626
20130621,4.79,4.81,4.6,4.74,10317.5145
20130620,5.02,5.04,4.82,4.85,10872.7245
20130619,5.22,5.22,4.93,5.06,18558.4293
20130618,5.39,5.44,5.18,5.24,11287.7683
20130617,10.9,10.96,10.68,10.86,17251.2569
20130614,10.83,10.93,10.64,10.86,12578.3649
20130613,11.11,11.11,10.3,10.64,12220.1322
20130607,11.46,11.64,11.17,11.22,20153.7091
20130606,11.56,11.72,11.46,11.55,24096.17
20130605,11.57,11.62,11.29,11.56,25725.94
20130604,11.95,11.95,11.48,11.53,25075.9299
20130603,11.81,11.85,11.68,11.85,25252.8502
20130531,11.72,11.81,11.61,11.7,21395.9394
20130530,11.76,11.79,11.55,11.72,35860.0242
20130529,11.81,11.89,11.75,11.83,26266.7327
20130528,12.11,12.12,11.73,11.84,32896.6546
20130527,12.0,12.13,11.93,12.09,40580.9916
20130524,11.85,12.05,11.75,11.98,37722.3436
20130523,11.8,11.97,11.68,11.9,47138.044
20130522,12.03,12.16,11.74,11.86,59047.7602
20130521,11.8,12.03,11.8,12.02,67918.6936
20130520,12.01,12.03,11.72,11.86,113326.1727
20130517,11.99,12.43,11.99,12.19,165775.8533
20130516,11.34,11.87,11.27,11.78,68087.615
20130515,11.28,11.28,11.07,11.21,19735.6579
20130514,11.27,11.4,11.02,11.16,21259.8243
20130513,11.02,11.36,11.02,11.27,30927.0051
20130510,10.91,11.08,10.81,11.02,31828.7998
20130509,10.99,11.05,10.7,10.93,30306.1297
20130508,10.7,10.93,10.54,10.81,26039.0337
20130507,10.66,10.74,10.56,10.64,13248.7122
20130506,10.48,10.69,10.46,10.66,17439.8972
20130503,10.41,10.65,10.36,10.53,12153.8624
20130502,10.29,10.43,10.2,10.41,10030.1583
20130426,10.59,10.68,10.23,10.25,16514.0194
20130425,10.7,10.88,10.56,10.69,51000.0308
20130424,10.13,10.53,10.11,10.52,20506.384
20130423,10.55,10.55,10.0,10.08,21846.6052
20130422,10.88,10.95,10.56,10.62,22950.4191
20130419,10.48,10.68,10.46,10.59,17522.4692
20130418,10.25,10.68,10.13,10.48,19337.3513
20130417,10.22,10.33,10.11,10.26,8623.8803
20130416,9.91,10.3,9.81,10.26,12120.213
20130415,10.23,10.35,10.03,10.04,11613.2634
20130412,10.62,10.64,10.25,10.27,13022.7865
20130411,10.6,10.84,10.56,10.59,16341.3307
20130410,10.55,10.64,10.45,10.55,13800.5724
20130409,10.46,10.64,10.42,10.51,13601.804
20130408,10.6,10.6,10.23,10.45,18610.4749
20130403,10.74,10.82,10.6,10.78,18469.8189
20130402,11.48,11.49,10.7,10.72,48901.2257
20130401,11.67,11.72,11.46,11.61,30185.946
20130329,11.46,11.68,11.33,11.6,41593.6615
20130328,11.3,11.64,11.12,11.5,49908.6614
20130327,11.37,11.64,11.34,11.52,48355.5082
20130326,11.58,11.76,11.31,11.36,84636.1448
20130325,12.07,12.17,11.69,11.72,92085.4857
20130322,12.57,12.57,12.01,12.22,143586.9946
20130321,11.32,11.68,11.32,11.43,40484.9964
20130320,10.8,11.19,10.71,11.17,16187.3751
20130319,10.65,10.86,10.48,10.85,9257.6231
20130318,10.78,10.92,10.6,10.7,8079.8398
20130315,10.6,10.79,10.45,10.6,10734.4736
20130314,10.93,10.99,10.57,10.65,15149.1276
20130313,10.96,11.14,10.8,10.9,11053.9505
20130312,11.51,11.55,10.7,10.97,26952.4061
20130311,11.5,11.58,11.33,11.51,22270.3176
20130308,11.44,11.52,11.29,11.3,18974.1174
20130307,11.61,11.73,11.18,11.49,49953.2961
20130306,11.53,11.88,11.45,11.73,70963.6949
20130305,10.8,11.65,10.78,11.6,63156.4065
20130304,11.18,11.18,10.84,10.88,25981.439
20130301,11.06,11.24,10.96,11.22,28558.3105
20130228,11.28,11.28,10.98,11.09,27265.1475
20130227,10.64,10.97,10.51,10.97,19794.4175
20130226,10.94,10.94,10.6,10.64,20763.344
20130225,10.92,11.09,10.89,10.97,16149.9473
20130222,11.15,11.27,10.92,10.95,25486.6414
20130221,11.31,11.47,11.13,11.22,43950.7102
20130220,11.55,12.18,11.4,11.66,95125.8099
20130219,11.39,11.5,10.96,11.1,40124.7579
20130218,11.18,11.45,11.11,11.19,36865.909
20130208,10.46,11.37,10.46,11.23,59325.2352
20130207,10.48,10.49,10.37,10.48,7786.3156
20130206,10.38,10.58,10.3,10.43,11625.9765
20130205,10.28,10.39,10.08,10.38,13428.5953
20130204,10.39,10.42,10.26,10.32,9938.4933
20130201,10.28,10.42,10.23,10.36,10877.9306
20130131,10.37,10.62,10.16,10.29,28841.1168
20130130,10.79,10.88,10.54,10.63,14441.1688
20130129,10.77,10.91,10.73,10.79,12101.4695
20130128,10.36,10.76,10.36,10.76,12336.9755
20130125,10.58,10.66,10.41,10.43,9797.2487
20130124,10.98,11.1,10.49,10.54,23844.1387
20130123,10.93,11.1,10.73,10.98,19026.642
20130122,11.4,11.41,10.91,11.02,29295.2351
20130121,11.18,11.61,11.08,11.46,48687.8394
20130118,10.91,11.24,10.91,11.19,28827.4442
20130117,11.04,11.13,10.87,10.93,16113.489
20130116,11.33,11.33,10.91,11.04,29711.7741
20130115,10.94,11.41,10.9,11.34,47740.1731
20130114,10.55,10.99,10.48,10.95,26715.3252
20130111,10.93,10.98,10.51,10.59,25009.1844
20130110,11.05,11.13,10.83,10.92,23924.1549
20130109,11.2,11.25,10.92,11.06,25253.9845
20130108,11.12,11.49,11.12,11.29,41224.9725
20130107,11.13,11.33,11.03,11.2,29577.496
20130104,10.97,11.26,10.72,11.19,41335.09
20121231,11.03,11.09,10.83,11.0,24992.4823
20121228,11.04,11.22,10.73,11.08,39980.3257
20121227,11.42,11.66,11.03,11.05,76870.6384
20121226,10.68,11.34,10.59,11.19,64359.8211
20121225,10.25,10.88,10.21,10.61,52721.1656
20121224,10.35,10.39,10.1,10.2,27693.2395
20121221,9.95,10.5,9.9,10.3,54551.8353
20121220,9.98,10.06,9.78,9.98,24906.1878
20121219,9.99,10.07,9.9,10.01,16469.7629
20121218,10.09,10.23,9.88,9.99,28580.4953
20121217,10.13,10.26,9.96,10.12,33918.3486
20121214,9.51,10.16,9.51,10.13,41765.3815
20121213,9.71,9.82,9.5,9.59,14962.3822
20121212,9.7,9.93,9.67,9.8,18838.553
20121211,9.87,9.96,9.71,9.71,24558.7745
20121210,9.8,10.08,9.67,10.0,41618.2432
20121207,9.36,10.16,9.36,9.88,49320.097
20121206,9.84,9.88,9.32,9.6,55522.4683
20121205,8.45,9.32,8.43,9.32,23550.4582
20121204,8.38,8.56,8.1,8.47,7513.1477
20121203,8.62,8.93,8.46,8.46,12033.4816
20121130,8.51,9.37,8.51,8.93,20921.148
20121129,8.83,8.83,8.52,8.52,3560.6678
20121128,8.92,8.95,8.66,8.73,3575.0409
20121127,9.5,9.59,8.9,8.94,7910.5016
20121126,9.92,9.92,9.46,9.5,7546.8722
20121123,9.93,10.01,9.9,9.92,4842.4437
20121122,10.0,10.05,9.92,9.99,5028.5049
20121121,9.85,10.04,9.8,10.03,6614.6793
20121120,9.99,10.07,9.81,9.91,4712.6152
20121119,9.79,9.91,9.72,9.9,4618.6586
20121116,9.82,9.95,9.71,9.79,5766.967
20121115,10.05,10.05,9.78,9.78,5290.2143
20121114,9.95,10.08,9.86,10.08,6794.4465
20121113,10.21,10.28,9.9,9.92,9430.3389
20121112,10.28,10.29,10.17,10.26,4478.7619
20121109,10.18,10.26,10.1,10.2,6029.9847
20121108,10.31,10.67,10.2,10.2,12051.2692
20121107,10.42,10.47,10.35,10.41,8730.663
20121106,10.65,10.65,10.3,10.39,12240.6713
20121105,10.64,10.94,10.61,10.69,12957.8565
20121102,10.7,10.71,10.55,10.69,9548.1887
20121101,10.68,10.74,10.55,10.69,11661.0962
20121031,10.49,10.76,10.42,10.52,6297.254
20121030,10.38,10.53,10.35,10.45,7068.9659
20121029,10.4,10.45,10.2,10.35,5440.1419
20121026,10.71,10.78,10.32,10.36,14987.5652
20121025,10.73,10.95,10.7,10.73,10604.6915
20121024,11.07,11.08,10.72,10.81,16774.6457
20121023,11.35,11.37,11.11,11.14,14038.4183
20121022,11.18,11.29,11.15,11.29,13948.2649
20121019,11.21,11.33,11.18,11.25,12452.4625
20121018,11.02,11.29,11.02,11.21,15908.1512
20121017,10.88,11.09,10.83,11.01,9088.5635
20121016,10.9,11.09,10.83,10.93,7977.5256
20121015,11.11,11.18,10.81,10.93,9647.9681
20121012,11.17,11.49,11.03,11.2,14519.1583
20121011,11.41,11.68,11.14,11.18,29633.1989
20121010,11.23,11.48,11.18,11.43,24175.8351
20121009,10.81,11.48,10.81,11.34,29685.8079
20121008,10.95,10.99,10.73,10.86,12770.8004
20120928,10.8,11.1,10.72,10.95,21710.8517
20120927,10.59,11.07,10.41,10.88,28069.2801
20120926,11.11,11.11,10.43,10.52,22665.1645
20120925,11.33,11.54,11.05,11.13,15758.857
20120924,11.09,11.63,10.94,11.5,20062.7441
20120921,11.51,11.65,11.16,11.21,20042.6642
20120920,12.22,12.27,11.42,11.5,26812.0767
20120919,12.04,12.38,12.04,12.2,22459.1208
20120918,12.02,12.27,11.94,12.13,22443.2679
20120917,12.61,12.61,12.02,12.07,41144.9202
20120914,12.42,13.14,12.2,12.79,72723.2283
20120913,12.95,12.97,12.4,12.4,53423.6421
20120912,13.01,13.09,12.68,13.03,83203.6614
20120911,13.0,13.69,13.0,13.09,189109.703
20120910,11.69,12.98,11.69,12.98,53717.5507
20120907,11.44,12.26,11.44,11.8,87431.6413
20120906,11.35,11.5,11.16,11.3,17875.9188
20120905,11.15,11.26,11.08,11.19,14536.2063
20120904,11.4,11.4,11.05,11.18,21145.4005
20120903,11.36,11.44,11.2,11.37,23324.6881
20120831,11.35,11.38,11.11,11.28,19069.4946
20120830,11.11,11.4,10.82,11.38,38109.8954
20120829,10.8,11.22,10.74,11.1,29881.6612
20120828,10.87,10.93,10.63,10.8,8462.0957
20120827,11.04,11.04,10.69,10.72,12203.3329
20120824,11.09,11.18,10.93,11.0,15196.3223
20120823,10.9,11.15,10.9,11.1,18233.886
20120822,10.75,11.36,10.71,11.02,33938.0306
20120821,10.54,10.84,10.47,10.75,16556.8821
20120820,10.45,10.58,10.35,10.54,6107.4458
20120817,10.43,10.53,10.31,10.51,7579.8002
20120816,10.47,10.6,10.41,10.44,4883.904
20120815,10.7,10.7,10.49,10.54,7198.0757
20120814,10.59,10.72,10.29,10.71,12269.933
20120813,10.91,10.92,10.58,10.59,12757.6301
20120810,10.97,11.11,10.91,11.0,18272.7704
20120809,10.79,11.09,10.72,11.04,22206.1255
20120808,10.9,10.97,10.68,10.83,17072.101
20120807,10.7,11.07,10.66,11.01,24667.8745
20120806,10.3,10.83,10.24,10.79,23263.5719
20120803,10.1,10.4,10.1,10.4,14493.6766
20120802,10.62,10.62,10.0,10.08,10105.9685
20120801,10.15,10.54,10.15,10.33,9717.7037
20120731,10.85,10.85,10.08,10.15,12316.4949
20120730,11.16,11.21,10.7,10.75,9724.0461
20120727,11.02,11.18,11.02,11.12,11434.7327
20120726,11.01,11.3,10.99,11.0,13128.4711
20120725,10.92,11.23,10.92,11.09,13142.4194
20120724,10.64,11.19,10.64,11.08,12830.3682
20120723,11.09,11.09,10.66,10.87,13044.6963
20120720,11.26,11.34,11.0,11.09,12740.5612
20120719,11.12,11.4,11.01,11.26,20008.7956
20120718,11.03,11.31,10.76,11.13,16238.6338
20120717,11.0,11.22,10.6,11.0,17850.6427
20120716,12.23,12.35,11.08,11.08,31579.6212
20120713,12.57,12.61,12.3,12.31,19275.9095
20120712,12.5,12.71,12.23,12.64,25609.5856
20120711,12.26,12.62,12.26,12.54,20841.3698
20120710,12.17,12.42,12.17,12.25,11030.5713
20120709,12.73,12.76,12.28,12.31,23190.5254
20120706,12.26,12.74,12.1,12.72,26879.1768
20120705,12.59,12.59,12.11,12.2,24652.0276
20120704,12.99,13.06,12.6,12.65,19712.0417
20120703,12.83,13.07,12.72,12.97,23509.119
20120702,12.74,13.15,12.72,12.82,21940.319
20120629,12.35,12.77,12.0,12.74,20281.8891
20120628,12.72,12.89,12.48,12.48,22287.5027
20120627,12.86,13.0,12.64,12.75,22614.6877
20120626,12.57,12.98,12.52,12.84,23356.0834
20120625,13.33,13.5,12.61,12.73,31013.382
20120621,14.0,14.0,13.49,13.53,37497.2723
20120620,13.87,14.05,13.69,14.03,34780.7075
20120619,14.05,14.2,13.77,13.83,37999.9796
20120618,13.9,14.24,13.83,14.21,59929.0284
20120615,13.8,13.98,13.46,13.82,44989.2316
20120614,13.81,14.4,13.81,13.93,86820.3355
20120613,13.45,13.83,13.28,13.74,61417.8489
20120612,13.64,13.73,13.26,13.44,56717.0017
20120611,13.7,13.85,13.21,13.81,62723.0283
20120608,13.99,14.14,13.7,13.72,28661.3413
20120607,14.33,14.52,13.7,13.95,44332.6758
20120605,14.35,14.49,14.1,14.17,35596.9484
20120604,14.78,15.09,14.21,14.37,50344.517
20120601,15.56,15.66,15.09,15.11,55688.1036
20120531,15.57,15.98,15.42,15.57,75873.975
20120530,15.34,15.99,15.13,15.77,120834.9094
20120529,15.45,15.76,15.01,15.46,111014.8333
20120528,14.33,15.6,13.56,15.44,111197.1526
20120525,14.65,14.98,14.26,14.32,54211.4853
20120524,14.82,15.76,14.7,14.92,87508.895
20120523,14.66,15.19,14.6,15.07,67266.2666
20120522,14.4,14.93,14.31,14.75,56029.0152
20120521,14.04,14.59,14.04,14.23,33688.2387
20120518,14.38,14.63,14.1,14.17,39774.8583
20120517,14.23,14.98,14.23,14.65,58153.2563
20120516,14.13,14.46,14.0,14.13,41257.7078
20120515,14.29,14.3,13.81,14.23,55487.8382
20120514,14.66,15.4,14.65,14.67,66103.0933
20120511,14.95,14.96,14.5,14.5,44659.1032
20120510,14.8,15.51,14.8,14.93,64568.169
20120509,15.15,15.15,14.5,14.84,66005.8967
20120507,15.37,15.65,15.14,15.31,88344.7083
20120504,15.02,16.08,14.85,15.7,143934.6697
20120503,15.4,15.5,14.72,15.3,180665.1044
20120502,13.9,15.02,13.75,15.02,65427.7555
20120427,14.74,14.74,13.59,13.65,86703.7998
20120426,12.77,14.09,12.77,14.09,53905.7775
20120425,12.95,12.95,12.51,12.81,38378.1449
20120424,12.65,13.12,12.5,12.99,53185.6416
20120423,14.75,14.76,13.28,13.28,96003.982
20120420,14.25,14.88,14.12,14.75,86101.1996
20120419,14.45,14.8,14.28,14.38,62483.4766
20120418,14.1,14.7,13.95,14.6,101602.9481
20120417,13.96,14.5,13.54,14.35,96652.0735
20120416,14.0,14.1,13.61,13.94,51430.9925
20120413,14.4,14.4,14.04,14.16,76331.8201
20120412,14.25,14.58,13.95,14.55,116379.4016
20120411,14.11,14.69,13.87,14.44,162842.8926
20120410,12.12,13.51,12.09,13.51,87001.1026
20120409,12.8,12.84,12.27,12.28,34704.7166
20120406,12.68,13.17,12.52,12.9,55230.079
20120405,11.8,12.81,11.8,12.81,60876.1733
20120330,12.26,12.48,11.7,11.88,40375.8417
20120329,13.01,13.02,12.17,12.38,51543.5829
20120328,14.46,14.63,13.22,13.24,69649.8634
20120327,14.72,14.96,14.52,14.69,46104.8414
20120326,14.51,14.97,14.4,14.6,45840.7636
20120323,14.79,14.89,14.5,14.65,54081.2492
20120322,14.62,15.05,14.35,14.88,77773.1954
20120321,15.7,15.88,14.3,14.78,130763.1735
20120320,16.07,16.49,15.65,15.78,110569.9658
20120319,16.37,16.37,15.75,16.12,118873.3225
20120316,16.76,16.84,15.81,16.59,166333.7391
20120315,16.62,17.65,16.55,17.1,199133.1871
20120314,17.86,18.33,16.45,16.99,256869.1365
20120313,16.62,18.98,16.37,18.03,374633.6766
20120312,16.48,17.38,16.27,17.38,431733.5153
20120309,14.01,15.8,14.01,15.8,301507.3064
