Date,Open,High,Low,Close,Volume,Sentiment
20200709,1.68,1.76,1.66,1.76,19798.856,0
20200708,1.65,1.69,1.64,1.68,12520.341,0
20200707,1.67,1.68,1.65,1.66,18207.183,0
20200706,1.64,1.69,1.63,1.67,13465.153,0
20200703,1.63,1.66,1.61,1.64,6742.973,0
20200702,1.6,1.64,1.59,1.64,6407.879,0
20200701,1.63,1.64,1.56,1.61,7272.738,0
20200630,1.64,1.65,1.61,1.63,6020.62,0
20200629,1.63,1.64,1.61,1.64,5343.318,0
20200624,1.69,1.69,1.64,1.64,7704.436,0
20200623,1.67,1.74,1.66,1.7,8627.806,0
20200622,1.69,1.7,1.67,1.68,5936.814,0
20200619,1.68,1.71,1.68,1.69,5588.063,0
20200618,1.68,1.72,1.68,1.7,4960.417,0
20200617,1.71,1.71,1.67,1.69,7736.763,0
20200616,1.71,1.71,1.68,1.7,5526.337,0
20200615,1.7,1.76,1.69,1.7,6743.936,0
20200612,1.67,1.75,1.66,1.72,6416.351,0
20200611,1.73,1.76,1.7,1.72,9908.277,0
20200610,1.78,1.83,1.73,1.76,14904.747,0
20200609,1.68,1.76,1.67,1.76,10048.667,0
20200608,1.75,1.75,1.67,1.68,10192.712,0
20200605,1.75,1.77,1.73,1.74,6595.051,0
20200604,1.71,1.78,1.7,1.76,15579.123,0
20200603,1.66,1.73,1.65,1.72,16847.838,0
20200602,1.65,1.67,1.63,1.65,7527.063,0
20200601,1.62,1.66,1.61,1.64,6979.588,0
20200529,1.62,1.65,1.61,1.62,4912.406,0
20200528,1.66,1.67,1.61,1.62,6140.38,0
20200527,1.66,1.68,1.64,1.67,5914.296,0
20200526,1.62,1.69,1.59,1.68,7684.907,0
20200525,1.68,1.69,1.61,1.62,7568.849,0
20200522,1.74,1.76,1.67,1.69,7878.141,0
20200521,1.79,1.83,1.75,1.75,7853.834,0
20200520,1.78,1.8,1.76,1.79,6094.683,0
20200519,1.78,1.8,1.75,1.78,5558.521,0
20200518,1.8,1.82,1.75,1.76,6876.034,0
20200515,1.82,1.83,1.78,1.8,6905.626,0
20200514,1.79,1.87,1.76,1.81,8472.14,0
20200513,1.76,1.82,1.76,1.79,5396.521,0
20200512,1.8,1.82,1.74,1.77,6387.218,0
20200511,1.85,1.85,1.79,1.81,8627.352,0
20200508,1.86,1.89,1.84,1.87,7334.768,0
20200507,1.9,1.95,1.85,1.88,14001.963,0
20200506,1.84,1.9,1.79,1.9,15998.464,0
20200430,1.74,1.82,1.73,1.81,10568.178,0
20200429,1.7,1.79,1.69,1.73,6479.808,0
20200428,1.73,1.76,1.66,1.71,6796.963,0
20200427,1.74,1.79,1.72,1.73,11777.597,0
20200424,1.85,1.88,1.81,1.81,8056.594,0
20200423,1.92,1.93,1.86,1.87,8112.398,0
20200422,1.95,1.95,1.88,1.92,15847.93,0
20200421,1.88,1.98,1.87,1.96,22679.988,0
20200420,1.86,1.9,1.85,1.89,4905.755,0
20200417,1.88,1.91,1.85,1.86,7355.395,0
20200416,1.85,1.92,1.84,1.89,7020.988,0
20200415,1.89,1.89,1.86,1.87,6740.763,0
20200414,1.83,1.92,1.83,1.89,7035.81,0
20200413,1.87,1.89,1.83,1.84,8802.369,0
20200410,1.98,1.98,1.9,1.91,12684.842,0
20200409,1.97,2.01,1.94,1.97,20893.839,0
20200408,1.87,1.97,1.84,1.97,24065.343,0
20200407,1.89,1.9,1.85,1.88,14847.437,0
20200403,1.84,1.91,1.84,1.87,15890.221,0
20200402,1.9,1.93,1.82,1.86,27016.618,0
20200401,1.92,2.01,1.92,1.92,28407.436,0
20200331,2.07,2.07,2.01,2.02,8427.251,0
20200330,2.09,2.1,2.01,2.05,14195.395,0
20200327,2.13,2.17,2.11,2.12,15139.007,0
20200326,2.11,2.22,2.09,2.14,16801.599,0
20200325,2.1,2.12,2.08,2.12,12499.871,0
20200324,2.07,2.1,2.02,2.07,11867.382,0
20200323,2.12,2.12,2.05,2.06,13289.382,0
20200320,2.15,2.18,2.12,2.16,11558.995,0
20200319,2.2,2.24,2.1,2.15,18580.13,0
20200318,2.28,2.29,2.2,2.21,14031.052,0
20200317,2.27,2.32,2.18,2.25,15235.933,0
20200316,2.4,2.43,2.27,2.28,21589.118,0
20200313,2.33,2.41,2.31,2.39,19654.783,0
20200312,2.41,2.44,2.39,2.43,21303.822,0
20200311,2.54,2.62,2.47,2.47,30334.898,0
20200310,2.5,2.58,2.46,2.56,37033.394,0
20200309,2.59,2.7,2.55,2.59,66740.728,0
20200306,2.42,2.57,2.41,2.57,38714.013,0
20200305,2.41,2.48,2.4,2.45,33318.204,0
20200304,2.38,2.41,2.35,2.4,20587.584,0
20200303,2.39,2.45,2.37,2.39,23695.264,0
20200302,2.32,2.4,2.32,2.38,23380.521,0
20200228,2.38,2.39,2.33,2.33,33109.082,0
20200227,2.43,2.49,2.42,2.45,34592.182,0
20200226,2.4,2.47,2.38,2.43,46658.32,0
20200225,2.41,2.44,2.35,2.43,41464.924,0
20200224,2.45,2.48,2.42,2.47,35099.698,0
20200221,2.56,2.56,2.45,2.47,59252.271,0
20200220,2.36,2.5,2.36,2.5,63490.376,0
20200219,2.38,2.44,2.37,2.38,37307.272,0
20200218,2.38,2.47,2.34,2.41,59729.19,0
20200217,2.27,2.36,2.26,2.36,24817.485,0
20200214,2.24,2.31,2.23,2.25,27535.57,0
20200213,2.34,2.36,2.27,2.27,45719.564,0
20200212,2.35,2.39,2.31,2.37,67882.565,0
20200211,2.39,2.43,2.35,2.43,85031.01,0
20200210,2.2,2.31,2.18,2.31,27849.421,0
20200207,2.25,2.27,2.16,2.2,59086.583,0
20200206,2.27,2.29,2.21,2.27,56323.477,0
20200205,2.21,2.4,2.21,2.27,97626.749,0
20200204,2.33,2.33,2.33,2.33,1263.792,0
20200203,2.45,2.45,2.45,2.45,489.51,0
20200123,2.61,2.63,2.58,2.58,20736.468,0
20200122,2.72,2.77,2.72,2.72,117134.575,0
20200121,2.86,2.86,2.86,2.86,3355.924,0
20200120,3.02,3.07,3.01,3.01,31281.747,0
20200117,3.17,3.32,3.17,3.17,115687.033,0
20200116,3.34,3.34,3.34,3.34,3099.186,0
20200115,3.52,3.52,3.52,3.52,1235.168,0
20200114,3.71,3.71,3.71,3.71,3311.917,0
20200113,3.91,3.91,3.91,3.91,730.388,0
20200109,4.04,4.12,4.02,4.12,76311.638,0
20200108,4.11,4.12,3.96,3.99,70803.225,0
20200107,4.04,4.13,4.02,4.11,96553.111,0
20200106,3.99,4.1,3.95,4.06,83198.484,0
20200103,4.15,4.25,4.05,4.05,128590.036,0
20200102,3.96,4.15,3.93,4.08,112093.425,0
20191231,3.91,3.98,3.85,3.93,57179.637,0
20191230,3.85,3.98,3.58,3.9,95422.875,0
20191227,3.95,4.02,3.86,3.87,74393.83,0
20191226,3.87,3.96,3.85,3.95,62150.577,0
20191225,3.99,4,3.88,3.9,76144.784,0
20191224,3.98,4.07,3.87,3.97,83833.546,0
20191223,4.24,4.24,3.86,3.98,140314.501,0
20191220,4.25,4.58,4.18,4.29,202329.606,0
20191219,4.12,4.26,4.06,4.21,151162.915,0
20191218,4.06,4.28,4.06,4.11,129150.793,0
20191217,4.07,4.12,4.03,4.07,101910.809,0
20191216,4.1,4.12,4.01,4.09,98952.322,0
20191213,4.1,4.12,4.01,4.1,112382.043,0
20191212,3.96,4.16,3.9,4.1,142936.224,0
20191211,3.95,4.14,3.92,4,142615.626,0
20191210,4.01,4.01,3.88,3.97,123031.091,0
20191209,3.95,4.18,3.83,4.01,226611.968,0
20191206,3.54,3.91,3.54,3.91,105660.758,0
20191205,3.51,3.59,3.49,3.55,51797.848,0
20191204,3.52,3.53,3.47,3.48,30779.179,0
20191203,3.55,3.55,3.47,3.53,34788.23,0
20191202,3.56,3.62,3.49,3.56,40754.362,0
20191129,3.58,3.62,3.47,3.58,51976.224,0
20191128,3.57,3.64,3.55,3.58,54788.385,0
20191127,3.6,3.62,3.53,3.56,53036.708,0
20191126,3.63,3.72,3.53,3.6,69966.204,0
20191125,3.85,3.87,3.52,3.62,95978.6,0
20191122,4.06,4.1,3.84,3.84,112433.797,0
20191121,4.13,4.19,4.02,4.09,129417.497,0
20191120,3.97,4.32,3.92,4.2,190679.718,0
20191119,4.09,4.19,4,4.13,138033.153,0
20191118,4,4.24,3.89,4.15,166289.5,0
20191115,4.38,4.47,4.08,4.11,216533.387,0
20191114,4.6,4.85,4.47,4.53,300712.681,0
20191113,4.16,4.94,4.15,4.8,386598.445,0
20191112,4.5,4.88,4.35,4.54,442449.488,0
20191111,4.05,4.47,4.01,4.47,321817.619,0
20191108,4.27,4.27,3.99,4.06,290393.258,0
20191107,3.53,3.88,3.53,3.88,51967.286,0
20191106,3.55,3.63,3.44,3.53,99692.212,0
20191105,3.79,3.98,3.65,3.65,181134.913,0
20191104,3.39,3.63,3.39,3.63,36832.005,0
20191101,3.38,3.39,3.16,3.3,77614.037,0
20191031,3.77,3.83,3.45,3.45,89895.447,0
20191030,3.81,3.91,3.75,3.83,60329.128,0
20191029,3.86,4.08,3.81,3.83,94791.608,0
20191028,3.69,3.99,3.68,3.86,100580.119,0
20191025,3.65,3.69,3.62,3.67,18432.229,0
20191024,3.63,3.69,3.6,3.65,18578.354,0
20191023,3.68,3.7,3.62,3.64,20587.556,0
20191022,3.58,3.71,3.57,3.69,37306.006,0
20191021,3.56,3.63,3.43,3.63,37221.597,0
20191018,3.61,3.68,3.53,3.55,32431,0
20191017,3.71,3.74,3.61,3.64,40415.297,0
20191016,3.81,3.84,3.71,3.74,31270.74,0
20191015,3.78,3.84,3.74,3.83,44798.03,0
20191014,3.88,4.17,3.88,3.92,77503.648,0
20191011,3.83,3.83,3.76,3.79,25659.467,0
20191010,3.81,3.84,3.78,3.83,23302.005,0
20191009,3.76,3.8,3.71,3.8,17715.492,0
20191008,3.8,3.82,3.74,3.75,18294.928,0
20190930,3.89,3.91,3.79,3.8,27619.081,0
20190927,3.86,3.92,3.83,3.9,30298.203,0
20190926,4.03,4.07,3.85,3.86,48404.655,0
20190925,4.15,4.16,4.01,4.02,49815.426,0
20190924,4.17,4.22,4.13,4.13,45347.124,0
20190923,4.23,4.23,4.01,4.18,80885.337,0
20190920,4.36,4.61,4.33,4.4,98818.143,0
20190919,4.39,4.39,4.29,4.33,40118.559,0
20190918,4.36,4.42,4.33,4.37,34730.171,0
20190917,4.5,4.51,4.32,4.36,61474.941,0
20190916,4.5,4.55,4.46,4.5,57960.049,0
20190912,4.44,4.5,4.4,4.46,49803.604,0
20190911,4.52,4.55,4.42,4.44,80899.118,0
20190910,4.52,4.58,4.47,4.57,73403.233,0
20190909,4.45,4.53,4.41,4.51,59465.273,0
20190906,4.47,4.47,4.37,4.4,54779.669,0
20190905,4.38,4.65,4.38,4.45,90333.669,0
20190904,4.37,4.41,4.33,4.36,35604.617,0
20190903,4.39,4.39,4.32,4.36,31145.499,0
20190902,4.22,4.38,4.2,4.37,40060.557,0
20190830,4.38,4.45,4.25,4.26,54776.389,0
20190829,4.36,4.43,4.31,4.37,46674.616,0
20190828,4.43,4.53,4.37,4.39,73126.91,0
20190827,4.36,4.74,4.29,4.51,135543.972,0
20190826,4.16,4.36,4.09,4.33,84725.012,0
20190823,4.19,4.29,4.17,4.22,51244.192,0
20190822,4.22,4.38,4.2,4.29,68272.939,0
20190821,4.24,4.26,4.17,4.22,33892.708,0
20190820,4.28,4.33,4.22,4.25,41846.305,0
20190819,4.18,4.27,4.18,4.27,45384.174,0
20190816,4.27,4.3,4.15,4.17,40899.977,0
20190815,4.2,4.32,4.13,4.3,26610.819,0
20190814,4.4,4.41,4.33,4.34,17790.816,0
20190813,4.28,4.43,4.28,4.33,21842.113,0
20190812,4.29,4.33,4.24,4.33,18828.15,0
20190809,4.44,4.48,4.25,4.27,28622.567,0
20190808,4.47,4.56,4.42,4.43,23154.831,0
20190807,4.47,4.51,4.4,4.41,19591.184,0
20190806,4.63,4.73,4.32,4.43,40711.205,0
20190805,4.71,4.78,4.68,4.71,23965.634,0
20190802,4.68,4.77,4.63,4.75,41787.748,0
20190801,4.7,4.95,4.69,4.79,35623.937,0
20190731,4.78,4.8,4.71,4.74,21496.142,0
20190730,4.82,4.85,4.79,4.81,25453.254,0
20190729,4.82,4.87,4.76,4.81,29000.414,0
20190726,4.94,4.97,4.85,4.85,46199.385,0
20190725,4.85,4.9,4.74,4.86,85875.948,0
20190724,4.74,5.18,4.72,4.94,121743.043,0
20190723,4.7,4.74,4.67,4.71,17836.301,0
20190722,4.9,4.9,4.62,4.7,43242.418,0
20190719,4.91,4.96,4.86,4.86,22239.036,0
20190718,4.98,4.99,4.86,4.88,31997.909,0
20190717,5.1,5.13,5,5.01,44875.349,0
20190716,4.91,5.12,4.88,5.1,67035.662,0
20190715,4.92,4.95,4.79,4.91,35177.794,0
20190712,4.86,4.92,4.81,4.92,27933.619,0
20190711,4.87,4.95,4.82,4.86,36949.937,0
20190710,4.87,4.93,4.81,4.84,28272.995,0
20190709,4.91,4.92,4.77,4.88,49617.981,0
20190708,5.08,5.08,4.86,4.9,59671.152,0
20190705,5.12,5.14,5,5.08,49542.162,0
20190704,5.26,5.29,5.07,5.11,75700.097,0
20190703,5.25,5.34,5.19,5.26,78327.459,0
20190702,5.37,5.42,5.23,5.29,100162.057,0
20190701,5.37,5.66,5.36,5.42,147243.832,0
20190628,5.66,5.69,5.28,5.32,153573.811,0
20190627,5.74,6,5.53,5.64,291160.92,0
20190626,5.28,5.68,5.27,5.68,108181.592,0
20190625,5,5.22,4.95,5.16,110333.247,0
20190624,5.52,5.68,5.3,5.33,95586.884,0
20190621,5.41,5.54,5.36,5.44,92740.232,0
20190620,5.16,5.37,5.12,5.35,94179.479,0
20190619,5.14,5.37,5.14,5.18,90555.31,0
20190618,5.01,5.22,5.01,5.06,64331.711,0
20190617,5.14,5.17,4.95,4.99,50004.924,0
20190614,5.22,5.33,5.07,5.18,72517.451,0
20190613,5.11,5.27,5.11,5.17,60355.371,0
20190612,5.26,5.37,5.1,5.13,69542.304,0
20190611,4.95,5.24,4.95,5.2,93691.692,0
20190610,5.01,5.28,4.95,5.03,73642.571,0
20190606,4.93,5.41,4.93,5.08,124204.537,0
20190605,4.77,5.07,4.77,4.92,84590.197,0
20190604,5.37,5.4,4.88,4.88,105201.763,0
20190603,5.71,5.75,5.42,5.42,58855.378,0
20190531,5.65,5.8,5.62,5.73,64425.638,0
20190530,5.74,5.79,5.51,5.64,74374.128,0
20190529,5.93,5.94,5.74,5.79,78797.663,0
20190528,5.7,5.97,5.7,5.9,80456.589,0
20190527,5.7,5.93,5.63,5.88,81554.435,0
20190524,5.97,5.97,5.7,5.73,57950.425,0
20190523,6.27,6.28,5.82,5.85,89773.091,0
20190522,6.13,6.27,6,6.1,100234.996,0
20190521,6,6.52,6,6.19,137849.662,0
20190520,6.17,6.25,5.73,5.93,90527.938,0
20190517,6.44,6.48,5.93,6.13,136485.075,0
20190516,6.53,6.53,6.36,6.43,132752.608,0
20190515,6.54,6.65,6.37,6.56,192952.981,0
20190514,6.48,6.88,6.3,6.6,299386.138,0
20190513,5.83,6.42,5.82,6.42,131549.709,0
20190510,5.71,5.93,5.61,5.84,89354.08,0
20190509,5.56,5.84,5.56,5.67,76860.853,0
20190508,5.65,6.09,5.6,5.75,106666.342,0
20190507,6,6.14,5.64,5.85,135310.348,0
20190506,6.49,6.55,6.01,6.01,134944.407,0
20190430,6.41,6.93,6.3,6.68,161320.046,0
20190429,7.18,7.18,6.53,6.53,272161.586,0
20190426,6.61,7.25,6.61,7.25,305973,0
20190425,7.24,7.24,6.53,6.59,183850.991,0
20190424,7.29,7.3,7.05,7.26,118096.079,0
20190423,7.41,7.43,7.12,7.25,165931.204,0
20190422,8.14,8.14,7.41,7.46,279190.712,0
20190419,8.18,8.34,7.98,8.05,294175.556,0
20190418,7.86,8.75,7.82,8.36,531119.045,0
20190417,8.14,8.38,7.88,8.03,666186.659,0
20190416,6.95,7.77,6.95,7.77,212163.605,0
20190415,7.73,7.73,7.02,7.06,438930.39,0
20190412,6.63,7.29,6.63,7.29,131554.795,0
20190411,7,7.12,6.58,6.63,253102.101,0
20190410,6.86,7.42,6.85,7.17,298395.08,0
20190409,7.06,7.12,6.87,6.93,161671.301,0
20190408,6.9,7.18,6.8,6.97,195994.985,0
20190404,6.95,7.2,6.87,6.89,186303.533,0
20190403,6.77,7.1,6.69,6.95,222564.591,0
20190402,6.81,6.95,6.71,6.77,199966.521,0
20190401,6.55,6.68,6.48,6.64,114562.631,0
20190329,6.17,6.45,6.12,6.39,97050.086,0
20190328,6.43,6.45,6.09,6.13,80355.712,0
20190327,6.27,6.52,6.14,6.43,102152.058,0
20190326,6.55,6.6,6.22,6.23,96144.117,0
20190325,6.65,6.69,6.48,6.52,105804.195,0
20190322,6.79,6.94,6.68,6.83,177145.155,0
20190321,6.59,6.73,6.55,6.62,118611.236,0
20190320,6.82,6.84,6.41,6.57,125669.461,0
20190319,6.78,6.94,6.75,6.79,104848.504,0
20190318,6.72,6.9,6.7,6.84,120198.643,0
20190315,6.94,7.01,6.75,6.79,161816.127,0
20190314,6.71,6.97,6.4,6.93,193791.541,0
20190313,7.04,7.09,6.63,6.71,153738.591,0
20190312,6.91,7.09,6.76,6.9,194479.438,0
20190311,6.39,7.06,6.39,6.9,196687.541,0
20190308,7.38,7.38,6.79,6.79,258658.439,0
20190307,7.49,7.65,7.37,7.54,284177.616,0
20190306,7.33,7.61,7.27,7.56,326984.907,0
20190305,7.33,7.48,7.11,7.4,308616.326,0
20190304,7.46,8.08,7.29,7.32,483559.893,0
20190301,6.65,7.41,6.62,7.41,353961.515,0
20190228,6.52,6.79,6.31,6.74,254673.278,0
20190227,6.35,6.85,6.3,6.57,248495.837,0
20190226,6.35,6.85,6.09,6.51,266273.215,0
20190225,6.33,6.53,6.15,6.36,293431.971,0
20190222,5.48,6.05,5.42,6.05,167561.378,0
20190221,5.57,5.68,5.44,5.5,85092.646,0
20190220,5.66,5.68,5.47,5.57,75308.692,0
20190219,5.45,5.74,5.45,5.63,131997.085,0
20190218,5.29,5.47,5.29,5.44,70528.054,0
20190215,5.19,5.41,5.15,5.27,80701.049,0
20190214,5.16,5.23,5.12,5.16,49871.126,0
20190213,5.18,5.2,5.07,5.17,52743.909,0
20190212,5.11,5.32,5.06,5.14,68474.364,0
20190211,4.95,5.08,4.94,5.07,44786.682,0
20190201,4.69,4.97,4.68,4.93,64208.224,0
20190131,4.86,5.03,4.63,4.64,65814.941,0
20190130,5.07,5.15,4.83,4.85,75841.233,0
20190129,5.12,5.3,4.8,5.15,107204.878,0
20190128,5.23,5.25,5.03,5.12,54247.244,0
20190125,5.29,5.43,5.18,5.18,73424.866,0
20190124,5.29,5.32,5.23,5.27,44604.112,0
20190123,5.37,5.41,5.26,5.26,63433.186,0
20190122,5.51,5.56,5.41,5.42,57172.506,0
20190121,5.5,5.62,5.47,5.51,76107.236,0
20190118,5.5,5.55,5.34,5.49,97051.923,0
20190117,5.74,5.77,5.48,5.49,111109.332,0
20190116,5.74,5.88,5.73,5.76,90817.804,0
20190115,5.81,5.81,5.69,5.75,97408.155,0
20190114,5.67,5.97,5.63,5.81,160932.334,0
20190111,5.72,5.75,5.59,5.65,95485.985,0
20190110,5.85,5.9,5.68,5.73,109190.021,0
20190109,5.83,6.06,5.75,5.85,149808.241,0
20190108,5.93,5.94,5.72,5.83,118120.608,0
20190107,5.88,5.97,5.81,5.89,149287.811,0
20190104,5.6,6.05,5.58,5.91,204691.355,0
20190103,6.03,6.03,5.64,5.68,185311.962,0
20190102,6.24,6.24,5.94,6,169402.242,0
20181228,6.53,6.63,6.09,6.2,259690.423,0
20181227,6.56,6.88,6.48,6.63,325813.432,0
20181226,6.6,6.77,6.4,6.52,302807.36,0
20181225,6.8,7.01,6.8,6.8,424271.57,0
20181224,7.55,8.49,7.55,7.55,576172.938,0
20181221,8.39,8.39,8.39,8.39,28036.024,0
20181220,10.32,10.39,9.32,9.32,108598.791,0
20181219,10.65,10.8,10.27,10.35,102024.049,0
20181218,10.48,10.7,10.18,10.64,90867.011,0
20181217,10.6,10.81,10.42,10.49,52680.824,0
20181214,10.36,10.95,10.32,10.74,131963.004,0
20181213,10.46,10.55,10.25,10.45,107799.744,0
20181212,10.74,10.95,10.33,10.53,102466.313,0
20181211,10.9,11,10.69,10.83,68418.854,0
20181210,10.58,11.3,10.58,10.88,104436.819,0
20181207,10.41,10.83,10.26,10.75,122859.624,0
20181206,10.5,10.56,10.3,10.45,66101.309,0
20181205,10.19,10.72,10.05,10.6,108850.827,0
20181204,10.01,10.59,9.92,10.47,121789.418,0
20181203,9.7,10.31,9.51,10.11,95011.463,0
20181130,9.5,9.64,9.33,9.58,59750.792,0
20181129,9.55,9.58,9.3,9.55,51492.623,0
20181128,9.61,9.89,9.4,9.49,65767.335,0
20181127,9.38,9.81,9.3,9.63,85785.184,0
20181126,9.51,9.78,9.26,9.36,65549.304,0
20181123,9.4,9.55,9.33,9.35,26266.823,0
20181122,9.4,9.56,9.18,9.46,57774.476,0
20181121,9.2,9.42,9.2,9.37,25146.842,0
20181120,9.59,9.59,9.26,9.32,61530.954,0
20181119,9.74,9.74,9.41,9.47,42730.422,0
20181116,9.41,9.69,9.11,9.58,96240.241,0
20181115,9.14,9.3,9.06,9.24,76748.225,0
20181114,9.17,9.67,9.17,9.28,163296.771,0
20181113,8.97,9.37,8.81,9.17,88273.45,0
20181112,8.67,9,8.67,8.85,69852.485,0
20181109,8.5,8.91,8.45,8.81,108200.158,0
20181108,8.29,8.99,8.2,8.7,222687.054,0
20181107,7.79,8.98,7.79,8.69,377360.63,0
20181019,8.65,8.65,8.65,8.65,65633.605,0
20180615,9.8,9.95,9.5,9.61,64815.047,0
20180614,9.97,10.02,9.87,9.89,16401.005,0
20180613,9.92,10,9.86,9.92,10855.253,0
20180612,9.92,9.95,9.84,9.94,8449.692,0
20180611,9.82,9.9,9.72,9.88,20375.435,0
20180608,9.75,9.89,9.71,9.82,16586.055,0
20180607,9.8,9.87,9.69,9.82,28333.668,0
20180606,9.7,9.89,9.61,9.77,30537.171,0
20180605,9.6,9.8,9.53,9.69,15800.611,0
20180604,9.49,9.7,9.4,9.68,40825.556,0
20180601,9.76,9.76,9.45,9.7,17120.891,0
20180531,9.8,9.9,9.53,9.76,72145.687,0
20180530,15.6,15.8,15.45,15.7,46091.333,0
20180529,15.67,15.7,15.4,15.68,21103.853,0
20180528,15.8,15.83,15.55,15.6,21263.689,0
20180525,15.72,15.88,15.55,15.81,34361.298,0
20180524,15.8,15.94,15.75,15.84,19329.587,0
20180523,15.9,15.99,15.5,15.93,39899.216,0
20180522,15.96,16.19,15.72,15.94,81338.877,0
20180521,16.2,16.35,15.18,16.05,150073.787,0
20180518,16.2,16.37,16.03,16.26,125498.537,0
20180517,16.29,16.38,16.09,16.21,77894.671,0
20180516,16.1,16.5,15.86,16.36,77164.089,0
20180515,16.02,16.16,15.61,16.12,105051.922,0
20180514,16.16,16.28,15.9,15.99,97981.786,0
20180511,15.75,16.24,15.75,16.2,76319.499,0
20180510,16,16.1,15.83,15.96,52486.807,0
20180509,15.71,16,15.62,16,80136.313,0
20180508,15.45,16.16,15.45,15.93,173719.606,0
20180507,14.46,15.97,14.46,15.95,354828.034,0
20180504,15.93,15.93,15.93,15.93,267163.623,0
20180503,17.7,17.7,17.7,17.7,18988.56,0
20180502,19.67,19.67,19.67,19.67,1026.774,0
20180427,21.86,21.86,21.86,21.86,1134.534,0
20180201,24.43,24.64,24.02,24.29,88952.349,0
20180131,24.6,24.75,24.39,24.45,24169.888,0
20180130,24.54,24.66,24.35,24.63,36759.978,0
20180129,24.41,24.62,24.39,24.55,33994.895,0
20180126,24.63,24.85,24.36,24.59,32758.797,0
20180125,24.55,24.79,24.45,24.67,34073.29,0
20180124,24.6,24.69,24.38,24.65,44094.782,0
20180123,24.58,24.67,24.41,24.59,33814.872,0
20180122,24.55,24.87,24.25,24.64,51680.403,0
20180119,24.78,24.78,24.46,24.55,35416.893,0
20180118,24.79,24.85,24.7,24.84,18173.645,0
20180117,24.84,24.85,24.64,24.83,41597.404,0
20180116,24.83,24.92,24.66,24.85,34002.563,0
20180115,24.81,24.94,24.58,24.83,61958.696,0
20180112,24.43,24.95,24.33,24.93,76097.777,0
20180111,24.68,24.77,24.24,24.6,29452.174,0
20180110,24.8,24.98,24.5,24.77,33195.636,0
20180109,24.74,24.9,24.41,24.89,44833.219,0
20180108,24.67,24.86,24.12,24.8,76314.68,0
20180105,24.68,24.84,24.3,24.67,43431.807,0
20180104,24.3,24.8,23.9,24.79,48393.818,0
20180103,24.29,24.45,24,24.25,45323.244,0
20180102,24.49,24.63,23.93,24.28,44929.248,0
20171229,24.34,24.5,23.96,24.5,41397.254,0
20171228,24.3,24.48,24.09,24.3,42763.158,0
20171227,24.66,24.79,24,24.3,61983.887,0
20171226,24.83,25,24.3,24.55,67408.175,0
20171225,24.8,24.97,24.66,24.83,75223.157,0
20171222,24.73,25,24.61,24.83,73378.468,0
20171221,24.63,24.8,24.56,24.7,46025.723,0
20171220,24.77,24.77,24.31,24.6,61205.939,0
20171219,24.58,24.58,24.08,24.38,75362.824,0
20171218,24.73,25,24,24.26,93624.359,0
20171215,24.55,25.19,24.44,24.72,111374.884,0
20171214,24.77,24.99,23.99,24.9,114555.779,0
20171213,24.37,24.76,24.17,24.59,91227.846,0
20171212,23.5,24.74,23.5,24.38,150259.358,0
20171211,24.1,24.57,23.61,23.9,50976.939,0
20171208,23.8,24.22,23.52,24.15,78618.629,0
20171207,23.05,23.8,22.91,23.73,98945.944,0
20171206,21.5,23.24,20.69,23.17,216732.637,0
20171205,24.05,24.15,21.51,21.51,181496.354,0
20171204,23.6,24.91,23.48,23.9,152733.536,0
20171201,23,23.6,22.71,23.58,95835.635,0
20171130,23.1,23.2,22.73,23,90254.557,0
20171129,23.19,23.35,22.6,23.03,89183.663,0
20171128,23.37,23.37,22.7,23.14,106733.093,0
20171127,23.6,23.6,23.05,23.2,85475.925,0
20171124,23.11,23.58,23.01,23.57,69065.24,0
20171123,23.5,23.59,23.23,23.37,84278.725,0
20171122,23.43,23.5,23.02,23.45,102637.952,0
20171121,23.2,23.43,22.75,23.39,84754.109,0
20171120,23.33,23.33,22.67,23.21,78121.737,0
20171117,22.9,23.28,22.55,23.13,64404.451,0
20171116,22.86,22.97,22.31,22.83,73452.329,0
20171115,22.64,22.95,22.15,22.71,85247.12,0
20171114,23.04,23.5,22.5,22.53,66504.614,0
20171113,22.52,23.18,22.4,23,133367.604,0
20171110,22.37,22.8,22.09,22.75,104231.596,0
20171109,21.9,22.5,21.5,22.38,125105.037,0
20171108,22.33,22.33,21.68,22.04,73897.149,0
20171107,22.65,22.65,22.15,22.26,63553.997,0
20171106,22.67,22.67,22.2,22.34,76677.944,0
20171103,22.78,22.97,22.08,22.66,94846.488,0
20171102,22.7,22.89,22.36,22.75,72618.452,0
20171101,22.8,22.88,22.25,22.77,75963.456,0
20171031,22.33,23,21.88,22.77,94571.717,0
20171030,22.5,22.69,21.82,22.28,82319.815,0
20171027,22.89,22.89,22.17,22.59,123644.008,0
20171026,21.78,22.55,21.51,22.5,92791.175,0
20171025,21.85,21.87,21.2,21.78,76840.4,0
20171024,21.8,21.94,21.19,21.78,97510.834,0
20171023,22,22.09,21.3,21.77,52697.879,0
20171020,22,22.03,21.61,21.88,44542.475,0
20171019,22,22.18,21.67,21.92,67909.838,0
20171018,21.65,22.19,21.33,21.94,96812.53,0
20171017,21.49,21.58,21.08,21.57,68214.855,0
20171016,21.9,21.9,21.25,21.46,68953.977,0
20171013,21.75,21.95,21.4,21.9,99440.593,0
20171012,21.53,21.95,21.05,21.78,74867.489,0
20171011,21.79,21.88,21.21,21.55,67283.839,0
20171010,21.8,21.96,21.33,21.61,38238.712,0
20171009,20.68,21.6,20.67,21.5,60404.567,0
20170929,20.26,20.74,19.83,20.65,94682.039,0
20170928,19.9,20.24,19.5,20.15,41070.028,0
20170927,20.2,20.27,19.79,19.94,33663.614,0
20170926,19.96,20.15,19.71,19.9,38423.143,0
20170925,20.16,20.48,19.6,19.96,60669.05,0
20170922,19.9,20.18,19.6,19.98,52595.411,0
20170921,20.28,20.38,19.81,19.86,46919.045,0
20170920,19.6,20.34,19.4,20.04,75411.994,0
20170919,20.26,20.44,19.5,19.8,82964.425,0
20170918,19.25,19.78,19.14,19.74,83078.586,0
20170915,18.6,19.4,18.5,19.23,80668.635,0
20170914,18.58,18.9,18.58,18.6,39992.96,0
20170913,18.7,18.79,18.23,18.68,50653.698,0
20170912,18.8,18.81,18.33,18.4,67481.784,0
20170911,18.97,19.08,18.52,18.6,86172.867,0
20170908,19.13,19.17,18.52,18.81,46624.086,0
20170907,19.36,19.57,18.78,19,81378.189,0
20170906,19.17,19.55,18.6,19.36,108995.995,0
20170905,18.52,19.55,18.52,19.26,84275.707,0
20170904,18.88,18.93,18.41,18.88,48860.506,0
20170901,18.12,18.9,18.06,18.78,86605.163,0
20170831,18.4,18.4,17.85,18.21,52149.804,0
20170830,18.35,18.38,18.1,18.28,23871.298,0
20170829,18.38,18.5,18.01,18.21,58905.41,0
20170828,17.73,18.29,17.73,18.28,64406.103,0
20170825,17.39,17.98,17.39,17.78,46848.706,0
20170824,17.3,17.58,17.26,17.56,32897.609,0
20170823,17.79,17.79,17.28,17.44,42685.674,0
20170822,17.3,17.45,17,17.45,46610.286,0
20170821,16.89,17.36,16.88,17.28,44808.619,0
20170818,16.48,17.02,16.47,16.89,31544.602,0
20170817,16.62,16.74,16.21,16.6,36338.772,0
20170816,16.58,16.75,16.39,16.67,39963.205,0
20170815,17.15,17.35,16.66,16.78,40609.269,0
20170814,17,17.18,16.9,17.04,21064.861,0
20170811,17.2,17.21,16.94,17.15,12764.302,0
20170810,17.3,17.38,16.92,17.16,20924.495,0
20170809,17.3,17.35,17.17,17.3,11198.932,0
20170808,17.4,17.4,17.17,17.32,16979.55,0
20170807,17,17.36,17,17.3,26177.535,0
20170804,17.35,17.35,17.13,17.25,19271.511,0
20170803,17.28,17.48,17.1,17.26,12523.308,0
20170802,17.08,17.65,17.08,17.3,25811.38,0
20170801,17.09,17.38,16.85,17.15,27303.79,0
20170731,16.79,17.08,16.63,17,28824.991,0
20170728,16.7,16.99,16.42,16.72,48844.129,0
20170727,16.69,17,16.49,16.7,35906.613,0
20170726,16.83,16.83,16.51,16.57,13601.657,0
20170725,16.45,17.28,16.45,16.7,18987.485,0
20170724,16.62,17.16,16.6,16.61,35524.781,0
20170721,15.78,16.98,15.64,16.63,57350.312,0
20170720,15.85,15.95,15.42,15.8,33983.514,0
20170719,15.65,15.95,15.65,15.74,14351.56,0
20170718,15.8,15.8,15.3,15.75,36488.806,0
20170717,16.15,16.37,14.56,15.8,19168.083,0
20170714,16.16,16.3,16.04,16.12,5977.349,0
20170713,16.02,16.33,16.02,16.22,10465.196,0
20170712,16.71,16.71,16.2,16.23,17941.124,0
20170711,16.55,16.81,16.51,16.55,12080.178,0
20170710,16.97,17.08,16.39,16.74,26042.312,0
20170707,16.95,17.44,16.95,17.09,12484.462,0
20170706,17.01,17.65,16.99,17.18,24771.513,0
20170705,16.88,17.07,16.78,16.95,14577.809,0
20170704,17.34,17.43,16.98,17.12,25806.477,0
20170703,17.11,17.35,17,17.34,11093.175,0
20170630,17.21,17.4,17.08,17.29,13028.473,0
20170629,16.77,17.4,16.73,17.21,20235.614,0
20170628,16.72,16.88,16.63,16.88,8890.783,0
20170627,16.98,17.06,16.76,16.76,17488.045,0
20170626,16.79,16.96,16.69,16.95,19712.907,0
20170623,16.98,16.98,16.6,16.8,15742.358,0
20170622,17.27,17.3,16.6,16.96,24357.976,0
20170621,17.15,17.58,16.9,17.11,19026.517,0
20170620,17.2,17.3,16.92,17.03,14797.84,0
20170619,17,17.36,16.86,17.08,20357.073,0
20170616,16.6,17.25,16.54,16.81,22997.997,0
20170615,16.72,16.94,16.55,16.6,12608.252,0
20170614,16.35,16.64,16.25,16.57,7129.057,0
20170613,16.49,16.61,16.35,16.59,8727.238,0
20170612,16.55,16.62,16.34,16.49,16595.796,0
20170609,16.22,16.79,16.22,16.61,25213.974,0
20170608,15.6,17.14,15.49,16.6,32453.504,0
20170607,15.32,15.72,15.22,15.6,11805.855,0
20170606,15.14,15.35,15.1,15.32,9585.708,0
20170605,15.3,15.45,15.01,15.29,10056.124,0
20170602,15.08,15.65,14.41,15.3,15033.199,0
20170601,15.36,15.47,15.19,15.3,8444.232,0
20170531,15.68,15.85,15.35,15.42,11228.187,0
20170526,15.52,15.65,15.3,15.48,11717.846,0
20170525,15.6,15.65,15.11,15.48,15343.568,0
20170524,15.39,15.99,15,15.33,24294.306,0
20170523,17.31,17.44,15.6,15.65,80916.366,0
20170522,17.42,17.55,17.26,17.33,14224.516,0
20170519,17.47,17.7,17.28,17.3,9591.548,0
20170518,17.5,17.7,17.22,17.27,12181.98,0
20170517,17.76,17.83,17.55,17.56,17429.651,0
20170516,17.2,18,17.12,17.8,30229.981,0
20170515,17.33,17.5,17.17,17.2,10543.184,0
20170512,17.17,17.36,17.02,17.33,12636.856,0
20170511,17.06,17.5,16.83,17.26,17392.209,0
20170510,17.24,17.61,17.15,17.15,21132.389,0
20170509,17.88,17.88,16.8,17.33,22210.631,0
20170508,18.01,18.01,17.52,17.6,8946.132,0
20170505,18.06,18.46,17.78,17.85,14189.716,0
20170504,18.31,18.57,18.2,18.28,26372.338,0
20170503,18.5,18.88,18.28,18.4,28358.004,0
20170502,18.18,18.99,17.9,18.5,49774.659,0
20170428,17.36,18.4,17.17,18.15,27304.803,0
20170427,17.8,17.99,17.25,17.52,22838.432,0
20170426,18.06,18.26,17.72,17.95,17942.267,0
20170425,18.72,18.72,18.06,18.16,18116.394,0
20170424,18.78,18.89,17.22,18.53,19728.114,0
20170421,18.59,18.8,18.3,18.79,16705.69,0
20170420,18.58,18.76,18.2,18.3,18488.509,0
20170419,19.05,19.27,18.2,18.4,38575.737,0
20170418,18.95,19.36,18.76,19.05,29022.177,0
20170417,19.18,19.45,18.5,18.99,93823.186,0
20170414,19.5,19.7,19.05,19.25,51259.228,0
20170413,18.41,19.95,18.41,19.73,149851.395,0
20170412,19.2,19.3,18.75,18.75,52946.502,0
20170411,19,19.3,18.32,19.2,127058.894,0
20170410,19.62,20.49,18.38,18.99,180834.51,0
20170407,17.88,19.69,17.82,19.62,108926.884,0
20170406,18.02,18.2,17.82,17.95,35059.993,0
20170405,17.01,18.14,17.01,18.09,39401.864,0
20170331,17.65,18.22,17.29,17.6,87769.712,0
20170330,17.17,17.39,17.11,17.38,35659.256,0
20170329,17.3,17.42,17.21,17.29,18309.264,0
20170328,17.05,17.55,17.05,17.36,29838.02,0
20170327,17.11,17.85,16.96,17.6,64760.149,0
20170324,17.19,17.38,16.88,17.1,46797.892,0
20170323,17.51,17.72,16.91,17.28,33434.543,0
20170322,17.85,17.93,17.6,17.72,38954.974,0
20170321,18.05,18.1,17.69,17.75,30304.703,0
20170320,17.9,18.05,17.75,18.05,27764.204,0
20170317,18.12,18.12,17.6,17.95,32393.44,0
20170316,18.14,18.24,17.98,18.12,35241.741,0
20170315,18.06,18.17,17.84,18.1,21676.194,0
20170314,18.3,18.3,18.06,18.1,22196.205,0
20170313,18.15,18.54,18.1,18.23,27030.455,0
20170310,18.37,18.37,18.04,18.05,28622.839,0
20170309,18.62,18.85,18.3,18.36,51596.548,0
20170308,17.96,18.62,17.93,18.62,75744.609,0
20170307,17.72,18.09,17.72,18.02,40708.563,0
20170306,17.61,17.81,17.61,17.75,26505.03,0
20170303,17.6,17.61,17.43,17.61,19472.181,0
20170302,17.53,17.7,17.41,17.51,16660.715,0
20170301,17.46,17.65,17.41,17.54,29378.489,0
20170228,17.87,17.87,17.4,17.45,36413.161,0
20170227,17.95,17.99,17.6,17.77,32858.594,0
20170224,18.16,18.16,17.71,17.92,25282.372,0
20170223,18.38,18.38,17.87,18,34630.786,0
20170222,18.25,18.27,17.8,18.1,39599.574,0
20170221,18.5,18.62,17.92,18.15,55537.928,0
20170220,17.81,18.2,17.6,18.15,42840.624,0
20170217,17.85,19,17.69,17.81,34316.302,0
20170216,17.79,18.18,17.6,17.89,42622.101,0
20170215,18.19,18.22,17.52,17.55,48609.917,0
20170214,18.8,18.8,18.11,18.16,43746.444,0
20170213,18.62,19.15,18.5,18.72,57239.135,0
20170210,17.9,18.86,17.65,18.66,89276.708,0
20170209,17.49,17.98,17.4,17.9,66574.832,0
20170208,17.2,17.49,17.1,17.49,42146.178,0
20170207,17.26,17.6,17.11,17.39,61974.374,0
20170206,16.83,17.88,15.31,17.26,91613.726,0
20170203,16.7,17,16.48,16.75,34594.713,0
20170126,17.49,17.5,16.6,17.09,49624.73,0
20170125,17.39,17.55,17.08,17.25,37402.923,0
20170124,17.41,17.62,17.03,17.2,32578.112,0
20170123,16.88,17.5,16.72,17.28,60539.33,0
20170120,16.33,16.95,16.33,16.89,58986.61,0
20170119,16.25,16.98,16.12,16.7,98967.973,0
20170118,17.15,17.35,16.01,16.2,117441.274,0
20170117,17.4,17.95,16.65,17.15,190939.785,0
20170116,20.5,20.98,18.5,18.5,103036.282,0
20170113,22.1,22.1,20.3,20.55,139788.718,0
20170104,21.97,22.3,21.5,22.19,111093.93,0
20170103,21.59,22.15,21.56,21.94,75946.347,0
20161230,21.39,22.99,21.38,21.71,73545.667,0
20161229,21.9,22,21.26,21.49,89371.574,0
20161228,22.3,22.3,21.61,21.78,81208.627,0
20161227,22.33,22.51,22.06,22.26,103552.627,0
20161226,22,22.38,21.71,22.33,122977.716,0
20161223,21.75,22.12,21.51,21.9,104192.781,0
20161222,21.7,21.93,21.43,21.75,62697.983,0
20161221,21.86,22.1,21.4,21.7,85710.286,0
20161220,21.94,22.26,21.65,21.84,98521.041,0
20161219,21.8,22.09,21.51,22.08,143453.188,0
20161216,20.66,22.07,19.88,21.88,201519.925,0
20161215,20.75,20.94,20.2,20.5,64674.583,0
20161214,20.86,21.38,20.59,20.75,60239.092,0
20161213,20.83,21.13,20.54,20.96,53252.036,0
20161212,21.4,21.56,20.4,21.11,117964.563,0
20161209,21.2,21.78,21.2,21.55,107058.038,0
20161208,21.37,21.68,21.08,21.38,119110.868,0
20161207,21.5,21.94,21.29,21.65,176988.073,0
20161206,21.02,21.5,21.02,21.49,104892.395,0
20161205,21.05,21.46,20.78,21.15,89832.356,0
20161202,21.11,21.55,20.7,21.13,108682.374,0
20161201,20.5,21.68,20.5,21.07,203569.193,0
20161130,19.74,20.94,19.16,20.4,213264.914,0
20161129,21.64,21.69,19.39,19.7,213351.229,0
20161128,22.2,22.84,21.41,21.54,183515.611,0
20161125,22.3,22.7,21.55,22.35,249578.555,0
20161124,22.49,23.39,22.08,22.44,364213.191,0
20161123,22.47,23.33,22.03,22.7,462318.65,0
20161122,22.25,22.99,21.62,22.45,501039.112,0
20161121,21,22.33,21,22.33,571594.917,0
20161118,18.36,20.3,18.36,20.3,286509.615,0
20161117,18.2,18.55,17.8,18.45,81152.115,0
20161116,18.45,18.65,18.03,18.23,81220.734,0
20161115,18.55,18.83,18.29,18.59,111441.517,0
20161114,18.79,19.41,18.33,18.49,155383.821,0
20161111,19.79,19.79,19,19.2,212084.265,0
20161110,19.66,20.5,19.16,20.1,355564.626,0
20161109,18.85,18.85,18.26,18.85,163167.292,0
20160802,17.6,17.6,17.02,17.14,51136.4722,0
20160801,17.83,17.9,17.1,17.47,57982.4118,0
20160729,17.48,17.51,17,17.46,58621.0887,0
20160728,17.18,17.72,16.51,17.16,67114.2679,0
20160727,18.63,18.69,17,17.05,129372.1103,0
20160726,18.75,18.8,18.32,18.63,64024.0261,0
20160725,18.93,19,18,18.39,114643.0962,0
20160722,19.4,19.5,18.65,18.93,170678.8908,0
20160721,18.4,19.95,18.29,19.58,244206.0176,0
20160720,18.3,18.77,18.15,18.44,191795.4465,0
20160719,18.37,18.78,17.73,18.59,379641.5881,0
20160718,16.45,17.85,16.41,17.78,255151.2396,0
20160715,16.54,16.96,16.3,16.68,109007.7357,0
20160714,16.5,16.74,16.2,16.6,87835.5325,0
20160713,16.5,16.71,16.26,16.37,85884.0143,0
20160712,16.4,16.73,16.11,16.5,89883.2137,0
20160711,16,16.75,15.95,16.53,166436.7755,0
20160708,16.15,16.85,16,16.16,146353.2226,0
20160707,16.69,16.69,16,16.17,168332.8449,0
20160706,16.38,17.26,15.85,16.79,237157.4799,0
20160705,14.58,15.77,14.39,15.77,117313.0008,0
20160704,13.9,14.35,13.77,14.34,36862.5005,0
20160701,13.99,14.14,13.8,13.95,24837.8227,0
20160630,14.24,14.24,13.91,13.95,34664.959,0
20160629,14.39,14.52,14.12,14.2,32131.2681,0
20160628,14.3,14.48,14.11,14.36,49759.8205,0
20160627,13.4,14.25,13.2,14.25,44300.7978,0
20160624,13.99,14.02,12.63,13.46,41892.8465,0
20160623,14.01,14.3,13.81,13.88,29614.5732,0
20160622,13.69,14.1,13.69,14,31559.9851,0
20160621,14.15,14.37,13.65,13.69,33285.5517,0
20160620,14.6,14.6,14.01,14.12,30210.6635,0
20160617,14.21,14.6,14.21,14.33,28515.0713,0
20160616,14.13,14.61,14.11,14.14,46147.0809,0
20160615,13.39,14.45,13.39,14.25,60101.9216,0
20160614,13.78,14.34,13.5,13.67,49441.7116,0
20160613,14.93,15.2,14.14,14.15,71495.5686,0
20160608,15.2,15.47,14.45,15.21,84074.1508,0
20160607,15.3,15.63,15.08,15.41,60722.9063,0
20160606,15.15,15.8,14.81,15.33,98207.1086,0
20160603,14.6,15.08,14.6,14.95,100543.4168,0
20160602,14.48,14.51,14.05,14.5,65923.5346,0
20160601,14.5,15.1,14.48,14.63,88360.7915,0
20160531,14.45,14.73,13.81,14.5,107915.9905,0
20160530,14.33,15,14.05,14.25,119643.5963,0
20160527,13.21,14.9,13.21,14.52,95808.1603,0
20160526,12.92,13.89,12.24,13.55,61584.4795,0
20160525,21.12,21.63,20.73,20.78,41620.28,0
20160524,20.78,21.44,20.29,21.18,54307.5553,0
20160523,20.01,20.94,19.77,20.61,48905.9638,0
20160520,19.26,20.18,19,20,51058.9618,0
20160519,19.15,19.74,18.82,19.24,45698.9761,0
20160518,20.71,20.8,18.86,19.15,50773.3785,0
20160517,21.24,21.5,20.71,20.88,36617.9874,0
20160516,20.69,21.5,20.47,21.24,41073.9461,0
20160513,20.55,20.9,20.01,20.76,38255.0085,0
20160512,21.21,21.37,19.96,20.63,63170.8937,0
20160511,21.9,21.99,20.99,21.73,59393.7904,0
20160510,22,22.43,21.52,21.59,58973.24,0
20160509,24.18,24.68,22,22.14,92431.5533,0
20160506,24.51,25.1,24.11,24.4,104539.4371,0
20160505,25,25.1,24.13,24.51,120911.2866,0
20160504,26.9,27.67,24.73,25.35,253225.4562,0
20160503,26.13,26.88,25.82,26.55,90602.248,0
20160429,26.1,26.52,25.55,25.6,51430.1163,0
20160428,25.51,26.6,25.32,26.23,80705.4988,0
20160427,26.84,27.15,25.51,25.85,96041.6768,0
20160426,27.44,27.44,26.1,27.05,146354.443,0
20160425,27.2,27.99,25.8,27.6,152113.2702,0
20160422,25,26.65,24.12,26.65,163456.8491,0
20160421,25.9,25.92,24.2,24.23,100777.9545,0
20160420,27.15,27.98,24.1,25.68,214918.9408,0
20160419,27.24,27.24,26.4,26.72,91553.8512,0
20160418,28,28.26,26.02,26.94,160224.5847,0
20160415,28,29.58,27.5,28.3,205694.76,0
20160414,26.87,28.68,26.66,28,184900.2463,0
20160413,26.59,28,26.26,26.7,231513.273,0
20160412,24.73,27.47,23.98,27.22,269072.3038,0
20160411,23.45,25.16,23.44,24.97,166942.0079,0
20160408,23.08,24.09,22.72,23.46,156754.0455,0
20160407,23.4,24.59,22.77,22.94,128162.4486,0
20160406,21.4,23.7,21.4,23.53,124036.8907,0
20160405,21.07,21.77,20.65,21.73,82497.798,0
20160401,20.76,21.15,20.58,20.87,43947.5293,0
20160331,21.24,21.4,20.89,20.9,52510.4598,0
20160330,21,21.29,20.62,21.24,69474.5088,0
20160329,20.53,20.8,19.83,20.33,64872.0693,0
20160328,22.58,22.58,20.55,20.9,110642.4768,0
20160325,21.7,22.97,21.17,21.65,84513.1012,0
20160324,20.99,22.47,20.6,21.5,120131.6308,0
20160323,21,21.2,20.42,20.88,56657.5022,0
20160322,20.7,21.67,20.4,20.99,108786.5529,0
20160321,19.78,21.4,19.42,20.7,116152.4199,0
20160318,18.66,19.79,18.63,19.45,85171.6335,0
20160317,17.66,19.14,17.66,18.75,93978.5157,0
20160316,18,18.25,17.5,17.78,44644.7721,0
20160315,17.73,17.76,17.44,17.51,25970.4756,0
20160314,17,18.18,17,17.71,53984.5855,0
20160311,17,17,16.5,16.83,16074.7258,0
20160310,17.3,17.77,16.9,16.95,15866.3805,0
20160309,17.12,17.38,16.82,17.33,27010.7907,0
20160308,17.49,17.84,16.59,17.62,25741.6691,0
20160307,17.52,18.44,17.36,17.49,40283.7233,0
20160304,17.2,17.64,16.62,17.4,28765.6952,0
20160303,17.6,17.65,17.05,17.2,35604.0831,0
20160302,16.88,17.5,16.37,17.42,24615.3653,0
20160301,15.9,16.62,15.76,16.55,29153.7299,0
20160229,17,17,15.51,15.9,34812.9919,0
20160226,17.91,17.91,16.6,17,35630.0267,0
20160225,19.29,19.29,17.37,17.45,57553.4098,0
20160224,18.91,19.37,18.58,19.3,36533.4033,0
20160223,19.18,19.18,18.58,18.91,28626.308,0
20160222,19.2,19.37,18.87,19.1,53793.7727,0
20160219,18.57,19.1,18.3,19,46704.0547,0
20160218,18.78,19.44,18.55,18.57,36887.2483,0
20160217,18.8,18.85,18.1,18.79,52035.0788,0
20160216,17.92,18.99,17.92,18.71,42603.8532,0
20160215,17.35,18.5,16.8,18.01,37201.2868,0
20160205,18.79,18.79,17.61,17.75,35952.3463,0
20160204,17.87,18.66,17.7,18.36,56925.9167,0
20160203,17.12,18,17.01,17.87,56651.1261,0
20160202,15.98,17.55,15.95,17.55,54102.9718,0
20160201,17.13,17.13,15.8,15.95,43622.7462,0
20160129,16.46,17.3,16.22,17.02,39415.1218,0
20160128,16.62,17.18,16.02,16.46,29220.0467,0
20160127,17.25,17.25,15.6,16.99,40085.7079,0
20160126,18.3,18.34,16.6,16.69,52913.5901,0
20160125,18.09,18.63,17.8,18.44,58312.7341,0
20160122,17.75,18.3,17.22,17.69,56237.2505,0
20160121,18.83,19.3,17.4,17.46,53424.7221,0
20160120,19.28,20.44,18.61,19.03,71848.4321,0
20160119,18.18,19.86,18.02,19.48,69790.9368,0
20160118,17.49,18.96,16.71,18.44,88369.9417,0
20160115,20,20,18.18,18.18,84045.6409,0
20160114,18.9,20.47,18.31,20.2,85692.9366,0
20160113,22.35,22.65,20.18,20.21,59690.4664,0
20160112,22.19,23.02,22,22.2,63983.7091,0
20160111,23.23,23.58,21.39,22.55,86353.7437,0
20160108,23.5,24.32,21.7,23.77,92932.289,0
20160107,25.34,25.34,22.93,22.95,23967.7739,0
20160106,24.55,25.5,24.32,25.48,112242.6536,0
20160105,23.75,26,23.26,24.55,137056.4053,0
20160104,28.6,28.6,25.75,25.84,99851.2808,0
20151231,29.44,29.5,27.8,28.61,131240.51,0
20151230,29.7,29.83,28.57,29.14,172664.2484,0
20151229,26.65,29.14,26.65,29.14,295100.2451,0
20151228,28.37,28.37,26.48,26.49,140998.0215,0
20151225,28.17,28.6,27.5,28.4,170015.4374,0
20151224,26.41,28.42,26.12,28.26,236068.6307,0
20151223,26.48,27.59,25.28,27,189496.3298,0
20151222,26.35,27.05,26.01,26.45,99866.8242,0
20151221,26.26,26.7,25.65,26.33,187880.1799,0
20151218,25.5,26.99,25.32,26.99,260258.6318,0
20151217,24.6,25.57,24.51,24.84,121172.6048,0
20151216,25.06,25.44,24,24.55,113199.9883,0
20151215,25.01,25.96,24.74,24.85,148535.8332,0
20151214,23.35,24.85,22.88,24.68,165624.76,0
20151211,23.6,23.98,23,23.3,83236.0866,0
20151210,24.27,25,23.3,23.9,191401.1015,0
20151209,23.4,25.77,22.88,25.3,254438.4946,0
20151208,22.7,24.87,22.31,23.72,263391.0858,0
20151207,20.97,22.96,20.85,22.96,157604.0422,0
20151204,21.11,21.29,20.7,20.87,37984.5087,0
20151203,20.87,21.3,20.7,21.19,48120.7144,0
20151202,21.73,21.84,20.3,20.87,63205.9564,0
20151201,21.1,21.98,21.01,21.75,68251.3153,0
20151130,20.05,21.55,19.19,21,94151.1157,0
20151127,21.43,22.47,20.04,20.05,92335.9978,0
20151126,23.2,23.42,22.01,22.27,91657.2839,0
20151125,22.18,23.35,21.93,23.15,92713.4346,0
20151124,22.39,22.99,21.75,22.24,60991.7003,0
20151123,21.72,22.95,21.52,22.37,108079.1998,0
20151120,21.22,21.98,20.91,21.71,105979.1981,0
20151119,20.46,21.21,20.46,21.1,81007.3238,0
20151118,20.52,21.32,20.01,20.74,123794.197,0
20151117,20.75,21.26,20.33,20.52,84750.8209,0
20151116,19.9,20.86,19.63,20.64,82004.3537,0
20151113,20.54,21.36,20.15,20.42,134186.6325,0
20151112,19.98,20.85,19.87,20.69,128628.2362,0
20151111,19.68,20.24,19.62,19.91,112278.7491,0
20151110,19.9,19.98,19.5,19.74,85218.5166,0
20151109,19.63,20.28,19.19,20,104272.1612,0
20151106,19.23,19.99,19.13,19.69,82613.7984,0
20151105,19.06,19.49,18.77,19.12,89236.4654,0
20151104,18.32,19.23,18.32,19.23,85694.1115,0
20151103,18.19,18.87,18.19,18.31,49179.8677,0
20151102,18.27,19.01,17.23,18.4,67810.5096,0
20151030,18.73,19.25,18.38,18.77,73506.2656,0
20151029,19.35,19.75,18.53,18.91,91817.5496,0
20151028,20.2,20.49,19.05,19.23,84302.5593,0
20151027,19.9,20.58,19.11,20.32,117153.3616,0
20151026,20.83,21.16,19.5,20.06,122788.7093,0
20151023,20.95,21.23,20.3,20.81,188591.8658,0
20151022,19.16,21.57,19.1,21.28,230431.0011,0
20151021,19.42,21.03,19.29,19.7,304431.2341,0
20151020,18.4,19.43,17.95,19.12,124818.1297,0
20151019,18.29,18.88,18.18,18.48,108463.8746,0
20151016,18.58,20.4,17.91,18.16,138872.2917,0
20151015,18.31,18.91,17.88,18.71,126616.7833,0
20151014,18.2,18.97,17.52,18.5,87749.9287,0
20151013,17.43,19.18,17.03,18.53,126785.3813,0
20151012,15.92,17.44,15.91,17.44,126443.3536,0
20151009,15.8,16,15.5,15.85,46030.2488,0
20151008,15.35,16.03,15.16,15.77,73861.6248,0
20150930,14.76,15.11,14.55,14.9,24376.0158,0
20150929,15.01,15.1,14.73,14.76,28115.9162,0
20150928,14.99,15.5,14.8,15.31,27204.8171,0
20150925,15.4,15.55,14.52,14.94,45277.2087,0
20150924,15.3,15.56,15.15,15.53,42795.9321,0
20150923,15.2,15.5,14.92,15.14,43251.6761,0
20150922,15.55,15.77,15.23,15.64,57154.0936,0
20150921,14.8,15.66,14.74,15.52,59244.4002,0
20150918,14.6,15.39,14.01,15.12,54928.7572,0
20150917,15.05,15.7,14.7,14.73,61422.715,0
20150916,14.25,15.5,14,15.28,51855.3433,0
20150915,15,15.2,14,14.16,44968.9057,0
20150914,16.5,16.58,14.84,15.5,74619.3197,0
20150911,16.02,16.57,15.89,16.49,49270.6836,0
20150910,16.6,16.75,16,16.06,59551.91,0
20150909,16.6,17.17,16.3,16.92,105116.2282,0
20150908,15.53,16.53,15.09,16.41,74291.1605,0
20150907,16.1,16.51,15.5,15.52,69811.2579,0
20150902,15.92,17.44,15.75,15.75,80691.1689,0
20150901,19.37,19.9,17.5,17.5,86717.86,0
20150831,19.98,19.98,18.65,19.44,109886.6093,0
20150828,18.91,20.65,18.05,20.25,172195.5505,0
20150827,19.02,19.62,17.33,19.4,138126.4998,0
20150826,20.3,22.36,19.25,19.25,223412.8863,0
20150825,17.81,21.46,17.56,21.39,150196.0786,0
20150824,20.48,21.26,19.51,19.51,87531.961,0
20150821,22.05,23.4,21.18,21.68,89594.7519,0
20150820,24,24.99,23.22,23.25,120216.3981,0
20150819,23.2,24.59,22.03,23.86,142486.7283,0
20150818,27.13,27.2,24.46,24.46,180787.2798,0
20150817,27.11,27.38,26.3,27.18,138628.1102,0
20150814,27.15,28.3,27,27.2,175109.0488,0
20150813,27.58,27.6,26.01,27.27,232720.2208,0
20150812,28.99,29.99,27.68,27.8,454845.9227,0
20150811,27.35,30,26.65,30,335733.6555,0
20150810,24.92,27.4,24.67,27.27,217239.5757,0
20150807,22.8,24.93,22.7,24.93,167783.554,0
20150806,22.22,23.28,22,22.66,59809.0918,0
20150805,22.98,23.58,22.31,22.79,88391.9203,0
20150804,20.85,22.98,20.83,22.96,93744.2652,0
20150803,22.2,22.38,20.68,20.98,48792.9487,0
20150731,21.6,23.21,20.32,22.1,95068.3499,0
20150730,22.17,23.8,21.88,22.03,121710.2259,0
20150729,20.43,22.24,18.32,22.24,115074.6144,0
20150728,19.91,22.3,19.91,20.22,130248.026,0
20150727,23.68,24.56,22.11,22.11,95774.5082,0
20150724,25.7,26.95,24,24.57,193333.5834,0
20150723,24.35,25.5,24.35,25.27,117359.8102,0
20150722,24.19,25.4,24,24.68,141562.7955,0
20150721,23.99,25.2,23.01,24.73,150719.9127,0
20150720,23.6,24.48,23.03,23.45,109639.1729,0
20150717,22.36,24.5,22.36,23.61,140102.0633,0
20150716,22.65,24.58,21.02,22.32,161657.8634,0
20150715,22.65,22.65,21.97,22.65,285789.6373,0
20150714,20.59,20.59,20.59,20.59,995.9383,0
20150708,18.5,19.96,18.5,18.72,243292.1143,0
20150707,21.8,21.8,20.56,20.56,30587.2614,0
20150706,25.17,25.17,20.59,22.84,171497.4832,0
20150703,22.38,24.2,22.28,22.88,144351.3128,0
20150702,27.5,27.5,24.76,24.76,106523.8644,0
20150701,29.88,31.55,27.44,27.51,148478.0112,0
20150630,27.91,30.74,26.1,30.49,169779.59,0
20150629,31.88,32.2,27.68,29,237461.2354,0
20150626,33.09,33.09,30.75,30.75,172919.914,0
20150625,36.97,37.3,34.1,34.17,205704.514,0
20150624,34.96,38.3,34.13,36.97,322550.6134,0
20150623,29.23,34.96,29.23,34.96,284259.9737,0
20150619,31.56,33.9,30.83,31.78,242524.3022,0
20150618,32.5,36.31,31.65,34.26,443808.1043,0
20150617,31.05,34.11,30.01,33.19,709990.3994,0
20150616,31.05,31.05,31.05,31.05,39109.1207,0
20150615,28.23,28.23,28.23,28.23,4775.3586,0
20150612,25.66,25.66,25.66,25.66,701.3904,0
20150611,23.33,23.33,23.33,23.33,1082.6753,0
20150610,21.21,21.21,21.21,21.21,1750.6522,0
20150609,19.28,19.28,19.28,19.28,3268.2685,0
20150313,17.5,17.8,17.4,17.64,39754.7282,0
20150312,17.68,17.93,17.42,17.5,43490.2165,0
20150311,17.6,17.98,17.36,17.6,47512.3362,0
20150310,17.01,17.79,16.97,17.68,76026.9593,0
20150309,16.96,17.14,16.75,17.11,32785.0315,0
20150306,17.35,17.39,16.88,17,40862.3029,0
20150305,17.2,17.37,17.02,17.32,51032.005,0
20150304,16.91,17.3,16.8,17.2,50140.8743,0
20150303,16.92,17.12,16.79,16.94,43396.5755,0
20150302,16.81,17.15,16.81,16.92,54123.4786,0
20150227,16.79,16.82,16.53,16.77,32043.0475,0
20150226,16.74,16.74,16.5,16.65,20487.4598,0
20150225,16.66,16.83,16.55,16.56,23853.944,0
20150217,16.84,16.84,16.59,16.62,27155.522,0
20150216,16.65,16.94,16.6,16.76,54330.9355,0
20150213,16.32,16.67,16.19,16.61,92793.0029,0
20150212,16.12,16.36,16.11,16.29,29225.7733,0
20150211,15.99,16.38,15.96,16.17,20507.4823,0
20150210,15.95,16.16,15,16.15,24039.8094,0
20150209,15.81,15.98,15.7,15.96,16367.3396,0
20150206,15.93,16.1,15.7,15.85,14182.4577,0
20150205,16.34,16.34,15.91,15.97,17797.7366,0
20150204,16.27,16.38,16.1,16.2,17260.4078,0
20150203,15.97,16.31,15.83,16.28,18127.0109,0
20150202,15.84,16.11,15.59,15.97,13806.1448,0
20150130,16.23,16.36,15.92,15.95,32762.3473,0
20150129,16.45,16.65,16.3,16.37,73904.8837,0
20150128,16.16,16.68,15.92,16.51,68425.6355,0
20150127,16.27,16.27,15.75,16.16,31108.9625,0
20150126,15.8,16.15,15.75,16.1,31568.0381,0
20150123,15.79,15.88,15.71,15.75,20769.6169,0
20150122,15.8,15.94,15.61,15.8,25580.488,0
20150121,15.56,15.86,15.4,15.77,28325.0706,0
20150120,15.16,15.58,15.16,15.56,17055.2896,0
20150119,15.35,15.54,14.89,15.09,29402.748,0
20150116,15.77,15.87,15.53,15.57,61894.3482,0
20150115,15.36,16,15.26,15.87,44400.0254,0
20150114,15.05,15.44,15.05,15.36,34631.7514,0
20150113,14.92,15.15,14.83,15.09,17397.9676,0
20150112,15.22,15.22,14.88,14.91,16365.9793,0
20150109,15.23,15.41,15.21,15.23,16631.7735,0
20150108,15.48,15.5,15.2,15.23,21974.1078,0
20150107,15.43,15.54,15.32,15.48,22214.1144,0
20150106,15.5,15.54,15.14,15.51,30765.6966,0
20150105,15.2,15.73,14.8,15.63,33320.1959,0
20141231,15.5,15.5,15.11,15.2,15454.7325,0
20141230,15.41,15.5,15.3,15.44,16599.3121,0
20141229,15.77,15.78,15.35,15.4,28819.4647,0
20141226,15.97,15.97,15.7,15.78,25164.1886,0
20141225,15.82,16.07,15.8,15.97,19093.2186,0
20141224,15.61,15.98,15.61,15.97,17347.0451,0
20141223,16.02,16.31,15.68,15.7,23935.6508,0
20141222,16.6,16.6,15.91,15.94,35683.0731,0
20141219,16.43,16.99,15.77,16.77,72706.8045,0
20141218,16.5,16.59,16,16.45,60278.653,0
20141217,16.18,17.3,16.18,16.61,109435.8254,0
20141205,16.84,16.89,16.02,16.18,69020.4936,0
20141204,16.83,16.98,16.78,16.83,60694.8408,0
20141203,16.72,16.81,16.5,16.8,55682.2823,0
20141202,16.61,16.84,16.51,16.7,38212.0313,0
20141201,17.03,17.08,16.62,16.66,45035.0123,0
20141128,16.84,17.21,16.81,17.03,61749.0452,0
20141127,16.74,16.92,16.69,16.82,42879.6025,0
20141126,16.9,16.98,16.58,16.72,47877.9662,0
20141125,16.75,16.91,16.68,16.88,37304.8008,0
20141124,16.93,16.99,16.75,16.77,39211.9786,0
20141121,16.7,16.9,16.59,16.87,25748.1401,0
20141120,16.7,16.75,16.5,16.71,19860.7188,0
20141119,16.47,16.89,16.47,16.7,29151.4797,0
20141118,16.5,16.56,16.35,16.52,25945.0332,0
20141117,16.34,16.58,16.26,16.5,27819.7983,0
20141114,16.2,16.49,16.13,16.37,35784.4196,0
20141113,16.48,16.51,16.15,16.2,29006.737,0
20141112,16.12,16.53,16.1,16.51,36657.966,0
20141111,16.82,16.92,16.2,16.21,61422.6263,0
20141110,16.66,16.91,16.61,16.82,39523.2581,0
20141107,17.18,17.24,16.51,16.64,55958.2311,0
20141106,16.85,17.15,16.85,17.1,42005.9135,0
20141105,16.7,17.05,16.6,16.93,43486.0187,0
20141104,17.15,17.23,16.66,16.74,67646.1766,0
20141103,17.35,17.38,17.11,17.13,53457.4291,0
20141031,17.25,17.34,17,17.3,53066.0974,0
20141030,17.42,17.55,17.13,17.24,82245.5443,0
20141029,17.75,17.8,17.32,17.51,142293.1595,0
20141028,17.18,18.88,17.05,17.72,198766.2938,0
20141027,16.95,17.38,16.81,17.18,63412.716,0
20141024,16.5,17.24,16.33,17.13,102084.5257,0
20141023,16.2,16.8,15.85,16.51,70680.2031,0
20141022,16.42,16.68,16.29,16.3,51923.8865,0
20141021,16.31,16.52,16.25,16.41,37442.3896,0
20141020,16.24,16.39,16.19,16.36,35770.9567,0
20141017,16.9,16.94,16.17,16.25,77910.7742,0
20141016,17.2,17.54,16.92,16.93,92329.0062,0
20141015,17.05,17.8,17.02,17.35,113354.5617,0
20141014,17.2,17.46,16.85,17.02,89917.4573,0
20141013,16.83,17.08,16.55,16.98,70591.9887,0
20141010,17.08,17.19,16.79,16.95,79556.981,0
20141009,16.98,17.37,16.96,17.19,68691.7586,0
20141008,16.9,17.02,16.75,16.95,46276.3392,0
20140930,16.94,17,16.81,16.9,45041.1023,0
20140929,16.86,17.11,16.83,16.94,46710.6877,0
20140926,16.7,17.13,16.63,16.84,64775.8885,0
20140925,17.06,17.5,16.78,16.84,101414.6693,0
20140924,16.88,17.14,16.75,17.08,77276.7087,0
20140923,16.93,17.2,16.61,16.93,81928.9048,0
20140922,16.5,17.45,16.42,16.93,177316.8202,0
20140919,16.16,17.51,16.15,16.9,271659.6661,0
20140918,15.85,16.18,15.81,15.92,41808.4423,0
20140917,15.8,15.87,15.56,15.84,49896.1098,0
20140916,16.28,16.36,15.76,15.81,77410.8724,0
20140915,15.88,16.48,15.82,16.31,103638.3953,0
20140912,15.67,15.87,15.58,15.85,53209.9067,0
20140911,15.67,16,15.62,15.67,88100.6453,0
20140910,15.66,15.76,15.52,15.68,43768.166,0
20140909,15.61,15.86,15.5,15.66,68059.4122,0
20140905,15.43,15.68,15.43,15.6,66220.909,0
20140904,15.49,15.49,15.33,15.42,48924.6261,0
20140903,15.45,15.48,15.2,15.42,38121.195,0
20140902,15.28,15.44,15.26,15.39,38438.1147,0
20140901,15.17,15.36,15.09,15.27,28148.4213,0
20140829,15.07,15.32,15.01,15.17,23275.0828,0
20140828,14.98,15.1,14.86,15.06,23028.9551,0
20140827,14.82,14.99,14.79,14.99,18271.415,0
20140826,15.16,15.27,14.88,14.88,35008.7736,0
20140825,15.49,15.56,15.21,15.25,26139.6542,0
20140822,15.43,15.49,15.31,15.44,32447.7194,0
20140821,15.57,15.74,15.26,15.43,39971.3725,0
20140820,15.28,15.78,15.21,15.6,74768.5159,0
20140819,15.37,15.37,15.17,15.29,37320.8874,0
20140818,15.1,15.39,15.01,15.33,55958.6695,0
20140815,14.85,15.03,14.85,14.97,24167.9621,0
20140814,15,15.03,14.9,14.9,24976.5761,0
20140813,15.06,15.09,14.85,15.02,28534.7495,0
20140812,15.12,15.15,14.96,15.06,27389.2506,0
20140811,14.97,15.15,14.97,15.14,33211.1043,0
20140808,14.98,15.02,14.89,14.97,16571.6699,0
20140807,15.09,15.15,14.88,14.94,30247.5784,0
20140806,15.1,15.21,15.02,15.15,34441.0027,0
20140805,14.95,15.18,14.88,15.12,41386.8232,0
20140804,14.76,14.99,14.76,14.96,39801.928,0
20140801,14.99,15.05,14.79,14.81,41441.7525,0
20140731,14.76,15.15,14.73,14.98,80630.56,0
20140730,14.76,14.8,14.69,14.76,26234.5596,0
20140729,14.7,14.8,14.61,14.73,41110.9202,0
20140728,14.57,14.83,14.55,14.69,42636.2395,0
20140725,14.44,14.58,14.4,14.55,16082.3314,0
20140724,14.39,14.52,14.34,14.37,13680.3693,0
20140723,14.55,14.57,14.37,14.4,15537.4508,0
20140722,14.65,14.65,14.42,14.53,14702.127,0
20140721,14.6,14.62,14.45,14.53,13623.8606,0
20140718,14.47,14.62,14.35,14.6,23112.4765,0
20140717,14.5,14.55,14.36,14.45,12702.0804,0
20140716,14.42,14.52,14.38,14.5,22595.4039,0
20140715,14.35,14.52,14.28,14.39,31632.7483,0
20140714,14.65,14.65,14.15,14.37,73909.0095,0
20140711,14.75,14.89,14.66,14.77,26924.5065,0
20140710,14.61,14.97,14.46,14.66,38119.5921,0
20140709,14.71,14.74,14.52,14.58,16331.4568,0
20140708,14.68,14.72,14.55,14.69,15109.361,0
20140707,14.65,14.74,14.51,14.66,14975.3736,0
20140704,14.66,14.75,14.54,14.61,15889.9855,0
20140703,14.58,14.76,14.49,14.66,30744.6554,0
20140702,14.58,14.58,14.45,14.54,18419.3174,0
20140701,14.5,14.57,14.43,14.54,16162.4443,0
20140630,14.45,14.58,14.42,14.45,17601.8724,0
20140627,14.42,14.47,14.3,14.45,18884.6653,0
20140626,14.27,14.38,14.23,14.33,17115.8061,0
20140625,14.3,14.3,14.15,14.24,6898.3445,0
20140624,14.28,14.28,14.18,14.27,10445.4055,0
20140623,14.18,14.28,14.15,14.24,11548.9452,0
20140620,14.22,14.22,14.11,14.16,8996.3054,0
20140619,14.35,14.41,14.06,14.16,15539.6984,0
20140618,14.47,14.47,14.26,14.35,13866.6394,0
20140617,14.57,14.57,14.25,14.36,18395.7533,0
20140616,14.48,14.59,14.43,14.54,14923.596,0
20140613,14.35,14.53,14.32,14.41,14803.3739,0
20140612,14.59,14.59,14.33,14.35,12283.8011,0
20140611,14.55,14.58,14.45,14.49,11957.867,0
20140610,14.49,14.54,14.33,14.5,11732.311,0
20140609,14.65,14.65,14.38,14.39,17669.0813,0
20140606,14.84,14.98,14.52,14.65,39182.5503,0
20140605,14.79,15.04,14.63,14.93,52133.9108,0
20140604,14.5,14.87,14.22,14.84,21101.3367,0
20140603,14.44,14.48,14.36,14.4,6956.4207,0
20140530,14.38,14.45,14.23,14.4,9842.4363,0
20140529,14.67,14.67,14.25,14.42,28051.6099,0
20140528,14.64,14.69,14.46,14.65,12095.3675,0
20140527,14.78,14.78,14.6,14.64,11387.7546,0
20140526,14.73,14.84,14.65,14.82,13333.3743,0
20140523,14.62,14.75,14.43,14.66,12293.9614,0
20140522,14.74,14.8,14.61,14.62,13879.4238,0
20140521,14.72,14.75,14.5,14.67,7697.56,0
20140520,14.8,14.8,14.58,14.65,6972.1839,0
20140519,14.87,14.87,14.43,14.55,9311.8845,0
20140516,14.95,15.08,14.64,14.73,16453.7409,0
20140515,14.99,15.9,14.92,15.08,41545.0727,0
20140514,14.84,14.84,14.63,14.7,4884.8679,0
20140513,14.79,14.85,14.65,14.71,9963.5006,0
20140512,14.76,14.77,14.42,14.75,11835.9998,0
20140509,14.69,14.78,14.38,14.55,6883.331,0
20140508,14.78,14.8,14.63,14.72,11739.4423,0
20140507,14.8,14.87,14.64,14.73,10045.9442,0
20140506,14.73,15,14.6,14.73,9554.1078,0
20140505,14.56,14.71,14.52,14.63,9228.7776,0
20140430,14.44,14.67,14.36,14.52,8702.1061,0
20140429,14.34,14.49,14.27,14.41,8604.1911,0
20140428,14.7,14.78,14.2,14.32,19088.87,0
20140425,14.76,14.89,14.52,14.63,14402.0968,0
20140424,15.09,15.13,14.68,14.79,10334.7841,0
20140423,15.17,15.17,14.97,15.12,11389.1091,0
20140422,15.24,15.25,14.9,15.2,19759.9797,0
20140421,15.23,15.32,15.01,15.25,24228.4157,0
20140418,15.28,15.3,15.12,15.23,11600.0012,0
20140417,15.3,15.33,15.01,15.3,21618.6369,0
20140416,15.25,15.33,14.98,15.31,28760.0538,0
20140415,14.5,15.89,14.42,15.21,66559.2992,0
20140414,14.4,14.59,14.3,14.48,18059.4413,0
20140411,15.17,15.17,14.45,14.5,39511.7887,0
20140410,15.18,15.25,14.91,15.16,23483.8559,0
20140409,14.95,15.29,14.78,15.17,19588.9878,0
20140408,15,15,14.75,14.8,14936.7167,0
20140404,14.65,14.84,14.5,14.8,11676.4858,0
20140403,14.62,14.73,14.5,14.59,11714.4071,0
20140402,14.6,14.6,14.4,14.55,14865.8154,0
20140401,14.64,14.8,14.48,14.61,16862.7602,0
20140331,15.37,15.37,14.36,14.64,26284.5538,0
20140328,15.6,15.6,15.06,15.26,19095.2823,0
20140327,15.25,15.42,15.01,15.33,18297.9266,0
20140326,15.45,15.67,15.23,15.25,17011.227,0
20140325,15.87,15.95,15.31,15.45,33119.6718,0
20140324,15.28,15.96,15.15,15.87,60038.9188,0
20140321,14.5,15.48,14.35,15.37,24309.6851,0
20140320,14.55,14.69,14.3,14.61,10546.1117,0
20140319,14.72,14.83,14.55,14.62,11864.5052,0
20140318,14.75,14.89,14.68,14.78,10205.4433,0
20140317,14.69,14.83,14.54,14.8,9661.6761,0
20140314,14.48,14.68,14.43,14.67,8605.878,0
20140313,14.38,14.59,14.33,14.48,7795.2066,0
20140312,14.4,14.59,14.22,14.38,8555.7506,0
20140311,14.45,14.64,14.32,14.5,11133.8903,0
20140310,15,15,14.44,14.46,14197.0773,0
20140307,15.15,15.22,14.91,15.05,13548.6026,0
20140306,15.1,15.19,14.86,15.16,14438.7975,0
20140305,15.07,15.39,14.96,15.11,25379.2763,0
20140304,15,15.3,14.85,14.9,17193.1479,0
20140303,14.84,15.18,14.71,15.15,19582.7312,0
20140228,14.7,14.93,14.51,14.85,13575.9822,0
20140227,15.1,15.16,14.58,14.8,23270.7503,0
20140226,14.94,15.18,14.78,15.12,29288.1855,0
20140225,15.63,16,14.73,14.96,41314.0424,0
20140224,15.86,15.94,15.51,15.7,28450.9533,0
20140221,15.85,16.08,15.47,15.7,31087.8281,0
20140220,16.77,16.95,15.9,16.02,59557.2317,0
20140219,16.35,16.55,16.03,16.55,51162.7741,0
20140218,16.58,16.58,16.2,16.41,44268.3862,0
20140217,16.45,17.1,16.28,16.59,59650.3936,0
20140214,16.17,16.74,16.07,16.37,57741.869,0
20140213,16.3,16.3,15.98,16.18,51840.078,0
20140212,15.4,16.35,15.32,16.25,101237.683,0
20140211,15.54,15.71,15.38,15.4,48951.4094,0
20140210,15.15,15.6,15.04,15.53,43864.1015,0
20140207,14.8,15.14,14.6,15.12,26751.8905,0
20140130,14.75,14.95,14.65,14.85,19230.8888,0
20140129,14.55,14.73,14.55,14.65,15599.5703,0
20140128,14.74,14.84,14.43,14.53,19263.0162,0
20140127,14.9,14.94,14.72,14.74,21358.0449,0
20140124,14.96,15.14,14.91,14.97,29361.0226,0
20140123,14.87,15.03,14.75,15,29881.1308,0
20140122,14.84,15.19,14.78,14.82,42550.2341,0
20140121,14.43,14.94,14.43,14.91,28172.2239,0
20140120,14.7,14.85,14.46,14.54,29119.5855,0
20140117,14.5,15.1,14.44,14.9,62520.6363,0
20140116,14.49,14.85,14.08,14.78,58939.9246,0
20140115,14.15,14.55,12.76,14.47,34847.8008,0
20140114,14.03,14.18,13.98,14.18,10701.5258,0
20140113,14,14.16,13.96,14.04,9437.1328,0
20140110,14.07,14.17,13.9,13.98,18116.7505,0
20140109,14.01,14.28,14.01,14.13,19713.6317,0
20140108,13.88,14.25,13.88,14.11,26864.0841,0
20140107,13.93,14.13,13.83,14.08,17030.5152,0
20140106,14.26,14.26,13.81,14.02,27725.0627,0
20140103,14.59,14.64,14.27,14.28,21891.35,0
20140102,14.56,14.6,14.48,14.59,15331.4625,0
20131231,14.66,14.66,14.4,14.53,12790.8101,0
20131230,14.61,14.73,14.55,14.69,15472.5691,0
20131227,14.36,14.57,14.28,14.53,12091.7565,0
20131226,14.68,14.68,14.24,14.28,15139.9615,0
20131225,14.36,14.73,14.36,14.69,11715.0516,0
20131224,14.35,14.53,14.24,14.36,7045.2172,0
20131223,14.37,14.45,13.95,14.24,12180.8812,0
20131220,14.82,14.84,14.4,14.42,16082.2133,0
20131219,15.1,15.17,14.8,14.83,14202.379,0
20131218,15.01,15.13,14.86,15.02,13201.2063,0
20131217,15.18,15.27,14.88,15.06,17327.2721,0
20131216,15.19,15.43,14.98,15.16,28885.2017,0
20131213,14.81,15.2,14.75,15.16,28367.2367,0
20131212,14.63,14.86,14.63,14.81,17039.6216,0
20131211,15.1,15.1,14.48,14.65,27460.0592,0
20131210,15.17,15.46,15.08,15.1,28232.6299,0
20131209,14.87,15.18,14.87,15.16,18070.9049,0
20131206,15.04,15.11,14.76,14.89,15380.5833,0
20131205,14.8,15.25,14.74,15.03,26214.3588,0
20131204,14.5,14.85,14.4,14.79,23644.128,0
20131203,13.99,14.54,13.98,14.52,14127.6228,0
20131202,14.89,15,14.02,14.22,34407.7281,0
20131129,14.9,15.36,14.9,15.3,37123.7069,0
20131128,14.85,15,14.78,14.92,21353.5548,0
20131127,14.65,14.89,14.56,14.87,22060.5885,0
20131126,14.78,14.8,14.5,14.59,13904.2175,0
20131125,14.62,14.96,14.55,14.74,21611.5588,0
20131122,14.46,14.68,14.46,14.62,12857.0254,0
20131121,14.66,14.66,14.38,14.52,15432.1526,0
20131120,14.72,14.76,14.61,14.68,14209.9695,0
20131119,14.69,14.69,14.55,14.69,19722.0321,0
20131118,14.59,14.7,14.59,14.68,26847.9655,0
20131115,14.26,14.73,14.26,14.54,29014.1918,0
20131114,13.96,14.39,13.91,14.32,20636.2688,0
20131113,14.01,14.16,13.82,14.02,17099.4998,0
20131112,13.98,14.11,13.88,14.02,13930.5298,0
20131111,13.74,14.11,13.74,14.01,16497.9192,0
20131108,13.8,13.94,13.78,13.78,20978.6494,0
20131107,14.19,14.24,13.96,13.98,24109.2949,0
20131106,14.25,14.39,14.08,14.2,32574.5759,0
20131105,14.25,14.36,14.02,14.31,26028.1067,0
20131104,14.41,14.51,14.26,14.38,21753.6752,0
20131101,14.5,14.51,14.2,14.35,13850.1788,0
20131031,14.69,14.69,14.33,14.48,17268.2699,0
20131030,14.32,14.7,14.26,14.68,18123.0762,0
20131029,14.6,14.93,14.05,14.27,33686.8781,0
20131028,15.1,15.34,14.5,14.68,38615.1916,0
20131025,15.76,16.3,15.15,15.41,81787.8015,0
20131024,16.64,16.97,16.5,16.8,42677.682,0
20131023,17.4,17.8,16.6,16.78,75540.7876,0
20131022,17.38,17.9,17.15,17.4,114822.8373,0
20131021,16.9,17.65,16.55,17.49,157486.9816,0
20131018,15.99,17,15.97,16.87,147914.5775,0
20131017,15.7,16.05,15.7,15.96,43186.7464,0
20131016,15.9,15.94,15.41,15.68,28718.2376,0
20131015,16.08,16.11,15.72,15.89,29084.792,0
20131014,15.74,16.2,15.69,16.07,58753.6127,0
20131011,15.27,15.77,15.27,15.66,34987.4331,0
20131010,15.45,15.54,15.2,15.24,23698.1003,0
20131009,15.52,15.53,15.33,15.44,28060.226,0
20131008,15.48,15.62,15.3,15.59,23065.1678,0
20130930,15.41,15.57,15.29,15.45,18495.3094,0
20130927,15.69,15.76,15.35,15.4,29067.2659,0
20130926,16.17,16.17,15.68,15.69,34567.2677,0
20130925,15.81,16.3,15.7,16.15,63231.8798,0
20130924,15.81,15.87,15.57,15.81,31574.7765,0
20130923,15.5,15.94,15.5,15.8,30878.3165,0
20130918,15.39,15.52,15.28,15.5,23292.1699,0
20130917,16.02,16.05,15.34,15.39,39399.9517,0
20130916,16.29,16.29,15.96,16.02,44440.7321,0
20130913,15.74,16.24,15.43,16.24,76108.9494,0
20130912,15.61,15.95,15.61,15.66,32363.9826,0
20130911,15.57,15.79,15.33,15.73,43484.4801,0
20130910,15.53,15.6,15.39,15.58,28779.7208,0
20130909,15.38,15.6,15.21,15.51,35442.5155,0
20130906,15.18,15.49,15.12,15.38,19956.3146,0
20130905,15.3,15.38,15.16,15.19,20220.0126,0
20130904,15.36,15.59,15.23,15.32,19638.7345,0
20130903,15.32,15.39,15.23,15.39,20797.6713,0
20130902,15.08,15.31,15.08,15.31,20096.9371,0
20130830,15.07,15.25,14.96,15.05,22769.8681,0
20130829,15.23,15.31,15.06,15.06,24783.4393,0
20130828,15.65,15.65,15.2,15.21,35102.0689,0
20130827,15.58,15.7,15.45,15.67,24680.1468,0
20130826,15.41,15.55,15.22,15.53,33554.3398,0
20130823,16.08,16.15,15.1,15.41,49215.1376,0
20130822,16,16.18,15.91,16.05,15353.6977,0
20130821,15.77,16.06,15.77,16.01,17976.4917,0
20130820,16.07,16.1,15.75,15.82,22175.2384,0
20130819,15.7,16.15,15.48,16.06,20031.3897,0
20130816,16.16,16.53,15.65,15.71,33841.5833,0
20130815,16.64,16.9,16.21,16.29,40195.5596,0
20130814,16.65,16.8,16.5,16.73,39457.2779,0
20130813,16.88,16.88,16.52,16.65,35478.3908,0
20130812,17.11,17.2,16.5,16.77,54488.4641,0
20130809,16.75,17.25,16.31,16.98,60186.1516,0
20130808,16.74,16.99,16.6,16.72,49436.2052,0
20130807,16.4,17.8,16.4,16.94,108433.5413,0
20130806,15.98,16.44,15.96,16.38,57353.2171,0
20130805,15.72,16.08,15.7,15.96,34053.2498,0
20130802,15.63,16.13,15.63,15.74,47153.9265,0
20130801,15.36,15.65,15.31,15.6,37857.8103,0
20130731,15.18,15.76,15.15,15.37,28647.3344,0
20130730,15.51,15.83,14.81,15.25,43403.1572,0
20130729,16.18,16.47,15.65,15.65,98862.3794,0
20130726,15.9,16.84,15.8,16.79,102121.8446,0
20130725,15.3,16.79,15.26,16.13,90543.0437,0
20130724,15.24,15.45,14.91,15.37,31223.4422,0
20130723,14.73,15.25,14.67,15.24,28725.8572,0
20130722,14.45,14.73,14.28,14.72,13659.6087,0
20130719,14.91,15.15,14.51,14.53,22605.1186,0
20130718,15.21,15.36,14.93,14.96,22130.2683,0
20130717,15.78,15.78,15.25,15.36,26426.6198,0
20130716,15.37,15.84,15.19,15.74,39600.4447,0
20130715,15.1,15.4,15.03,15.36,24182.0807,0
20130712,15.38,15.45,15.05,15.06,27859.8707,0
20130711,14.82,15.5,14.77,15.36,35972.2423,0
20130710,14.41,14.86,14.36,14.84,16550.856,0
20130709,14.42,14.56,14.33,14.41,12606.39,0
20130708,15.09,15.09,14.38,14.42,21758.3986,0
20130705,15.09,15.33,15.07,15.15,25867.4514,0
20130704,14.82,15.28,14.61,15.13,28976.284,0
20130703,15.25,15.25,14.6,14.9,23300.3482,0
20130702,14.9,15.35,14.9,15.23,25030.2828,0
20130701,14.79,15.04,14.5,15,24114.9896,0
20130628,14.5,14.96,14.16,14.69,23980.824,0
20130627,15.55,15.78,14.6,14.66,37235.2519,0
20130626,15.36,15.65,15,15.49,30183.7212,0
20130625,15.35,15.58,13.98,15.36,41021.4738,0
20130624,16.31,16.5,15.23,15.53,27742.7001,0
20130621,16.28,16.45,15.83,16.22,21502.5593,0
20130620,17.1,17.18,16.33,16.46,26486.811,0
20130619,17.5,17.51,16.8,17.24,33425.8624,0
20130618,17.5,17.75,17.22,17.57,39783.8168,0
20130617,16.48,18.01,16.48,17.68,87554.5181,0
20130614,16.09,16.5,16.09,16.42,22074.194,0
20130613,16.7,16.75,15.7,16.1,28383.4751,0
20130607,17.19,17.28,16.69,16.88,26034.0203,0
20130606,17.39,17.41,17.08,17.12,23987.3061,0
20130605,17.45,17.59,17.23,17.41,22794.5119,0
20130604,18.33,18.35,17.23,17.39,58586.1378,0
20130603,18.69,18.86,18.33,18.35,41713.9873,0
20130531,18.68,19,18.27,18.77,84058.6145,0
20130530,18.8,18.93,18.55,18.69,50773.6996,0
20130529,18.97,19.1,18.87,18.93,39380.5502,0
20130528,19.18,19.19,18.73,19.02,56818.3967,0
20130527,18.69,19.18,18.6,19.13,60747.6972,0
20130524,18.5,18.78,18.49,18.7,43352.8533,0
20130523,19.03,19.1,18.57,18.58,73283.3687,0
20130522,19.6,19.64,18.95,19.02,72469.7433,0
20130521,19.22,19.64,19.2,19.51,96501.9819,0
20130520,18.73,19.34,18.65,19.12,99478.2479,0
20130517,19.25,19.32,18.53,18.9,102327.058,0
20130516,19,19.46,18.91,19.35,58927.2107,0
20130515,38.99,39.05,38.15,38.58,50088.3649,0
20130514,39.89,40.25,38.45,38.95,48280.5302,0
20130513,40.35,40.5,39.3,39.98,40496.188,0
20130510,39.32,40.4,39.08,39.9,69395.0467,0
20130509,39.46,39.68,38.71,39.21,49672.9607,0
20130508,38.8,39.54,38.02,39.43,88853.0646,0
20130507,37.48,38.57,37.14,38.07,50968.9391,0
20130506,37.02,37.6,36.81,37.46,49577.7082,0
20130503,36.49,37.21,36.25,36.6,68781.2001,0
20130502,37.25,37.25,35.61,36.16,48318.2019,0
20130426,37,37.98,37,37.26,32736.8978,0
20130425,38,38.2,37.32,37.42,57414.7763,0
20130424,36.3,37.9,36.3,37.77,83277.8133,0
20130423,37.1,37.41,35.33,36.13,65290.1252,0
20130422,34.8,36.7,34.8,36.39,71144.4257,0
20130419,33.5,35.07,33.5,35.07,51059.298,0
20130418,33.76,33.98,33.26,33.56,27068.9818,0
20130417,33.4,33.77,33.34,33.76,29626.1719,0
20130416,34.35,34.35,32.8,33.35,64841.9821,0
20130415,36,36.25,34.35,34.46,34422.972,0
20130412,37,37.27,36.02,36.29,29794.1234,0
20130411,37.1,37.98,36.7,37,43122.2202,0
20130410,36.35,37.48,36.3,37.04,29700.2986,0
20130409,37.81,38.1,36.23,36.53,51032.4642,0
20130408,35.55,37.15,35.02,37.15,21677.491,0
20130403,36.11,36.51,35.53,36.13,16117.1717,0
20130402,36.36,36.85,35.61,36.39,23984.4495,0
20130401,35.79,36.57,35,36.18,24544.0454,0
20130329,36.28,36.59,35.61,35.66,31901.611,0
20130328,37.17,37.17,36,36.28,36637.9138,0
20130327,38.38,38.5,36.99,37.25,30143.5644,0
20130326,38.05,38.42,37.3,38.15,30000.4504,0
20130325,38.02,38.9,37.6,37.99,39414.388,0
20130322,37.5,37.88,36.9,37.64,23040.8294,0
20130321,37.45,38.26,37.21,37.5,56268.9693,0
20130320,36.4,37.51,36.07,37,50408.1549,0
20130319,36.21,36.69,35.95,36.5,29362.5294,0
20130318,36.4,36.82,35.5,36.1,24867.1672,0
20130315,36.43,37.21,36.2,36.35,29177.7004,0
20130314,36.73,37.27,36.21,36.33,52779,0
20130313,39.5,39.5,36.5,37.17,79969.6359,0
20130312,40.52,41.07,39.06,39.56,19456.1601,0
20130311,41.7,41.7,40.58,40.6,26429.2157,0
20130308,43.12,43.48,41.77,41.77,24360.6646,0
20130307,43,43.93,42.5,43,54675.1892,0
20130306,42,42.99,41.52,42.88,42949.6188,0
20130305,41.81,41.85,41.15,41.66,32702.333,0
20130304,42.72,42.97,41.22,41.25,28527.0578,0
20130301,42.5,42.7,42.07,42.69,23276.05,0
20130228,42.03,42.5,41.7,42.39,16097.726,0
20130227,42.09,42.5,41.3,41.74,12109.942,0
20130226,42.58,42.58,41.61,42.09,24472.5053,0
20130225,42.7,42.92,42.25,42.6,14111.9232,0
20130222,42.85,43.98,42.5,42.5,32012.8233,0
20130221,43.19,44.18,42.4,43.28,42577.0226,0
20130220,41.61,43.3,41.61,43.28,31554.3305,0
20130219,42.75,43.19,41.71,41.88,23444.2743,0
20130218,43.1,43.19,42.2,42.75,31765.923,0
20130208,41.71,43.1,41.7,43.02,46162.7117,0
20130207,40.65,41.8,40.5,41.71,28624.2793,0
20130206,40.76,41,40.39,40.8,26549.6607,0
20130205,40.1,40.78,39.8,40.77,46142.1884,0
20130204,41.5,41.5,40,40.15,28145.5669,0
20130201,42.18,42.2,40.86,41.39,23679.0398,0
20130131,41.3,41.59,40.5,40.86,14092.9015,0
20130130,42.75,42.93,40.41,41.3,21418.4839,0
20130129,42.19,42.98,42.19,42.6,14296.5109,0
20130128,40.83,42.15,40.8,42.14,13300.3163,0
20130125,41.09,41.54,40.61,41.06,10401.9892,0
20130124,42.85,42.85,40.26,41.09,24405.5226,0
20130123,42.8,43,41.66,42.7,30317.1277,0
20130122,44.75,44.83,43.03,43.2,20618.444,0
20130121,43.81,44.85,43.58,44.83,24442.3254,0
20130118,43.25,44.25,43.04,44,20823.2306,0
20130117,44.68,44.75,43.21,43.71,43162.6561,0
20130116,45.46,46,43.85,44.81,39892.5789,0
20130115,45.1,45.86,44.2,45.84,45988.444,0
20130114,43.52,45.33,43.31,44.88,41487.0942,0
20130111,43.96,45.23,43.38,43.52,33739.9189,0
20130110,44.02,44.37,43,43.55,24971.8031,0
20130109,42.33,44.33,42.31,44.29,41160.4767,0
20130108,43.99,44.88,43.01,43.47,47478.4667,0
20130107,44.38,45.29,43.33,43.98,42706.598,0
20130104,43.6,45.8,42.9,45.29,72743.0582,0
20121231,40.77,44.9,40.77,44.9,78002.1777,0
20121228,39.65,41,39.65,40.88,46044.9635,0
20121227,42.33,42.48,39.68,39.68,54166.7616,0
20121226,40.7,42.76,40.35,41.95,31258.7942,0
20121225,40.06,41.48,39.88,40.71,26359.44,0
20121224,40.2,41.2,39.7,40.22,15411.3697,0
20121221,38.88,40.71,38.88,40.08,27980.5294,0
20121220,37.01,39.48,37.01,38.88,36648.5745,0
20121219,36.16,37.46,36.16,37.35,13614.2482,0
20121218,36.99,36.99,36.24,36.5,16540.6914,0
20121217,37.9,37.9,36,36.5,31122.5646,0
20121214,36.66,37.95,36.24,37.68,33487.1406,0
20121213,36.01,37.03,36.01,36.53,14776.5735,0
20121212,36.7,37,36.21,36.99,9682.516,0
20121211,35.91,37.2,35.85,36.98,13981.4612,0
20121210,36.12,36.63,35.8,36.25,9103.74,0
20121207,35.28,36.23,35.12,36.15,11056.7231,0
20121206,35.8,36.2,35.06,35.47,8507.9135,0
20121205,34.29,36.3,33.64,35.8,12988.5798,0
20121204,33.75,34.35,33.35,33.99,7335.7117,0
20121203,35,35.1,33.66,33.86,6497.128,0
20121130,34.54,35.02,34.32,35.02,2577.0934,0
20121129,34.3,35.09,34.06,34.6,13364.8191,0
20121128,34.89,35.27,34,34.03,5483.7725,0
20121127,35.9,35.9,34.1,34.9,6771.5171,0
20121126,36.6,36.6,35.9,35.9,3439.8901,0
20121123,35.75,36.65,35.61,36.49,8218.7436,0
20121122,35.49,35.86,35.36,35.61,6999.5975,0
20121121,35.3,36,34,36,7473.9004,0
20121120,35,35.36,35,35.05,3219.4567,0
20121119,35.37,35.37,34.45,35.09,6551.6335,0
20121116,35.3,35.42,34.8,35.37,5284.0673,0
20121115,36.6,36.6,35.3,35.3,16743.7527,0
20121114,36.35,36.68,35.89,36.59,7648.4018,0
20121113,37.1,37.18,35.74,36.36,15329.3352,0
20121112,37.33,37.77,36.8,37,8842.479,0
20121109,37.79,37.8,36.88,37.33,7931.0737,0
20121108,38.2,38.66,37.79,37.79,6004.3655,0
20121107,38.5,38.72,38.17,38.38,5061.9153,0
20121106,38.49,38.97,38.25,38.39,8060.3495,0
20121105,39.52,39.54,38.51,38.78,6297.2601,0
20121102,39.74,39.74,39.05,39.31,5459.6796,0
20121101,39.2,39.87,38.9,39.48,29868.9153,0
20121031,39,39.27,38.73,38.95,4948.4186,0
20121030,38.32,39.28,38.18,38.85,10633.6432,0
20121029,37.7,38.38,37.45,37.94,5748.1832,0
20121026,39.6,40.1,37.9,37.93,15750.6519,0
20121025,39.8,40.3,39.5,39.6,5973.843,0
20121024,39.41,40.55,39.4,39.8,6704.2431,0
20121023,41.07,41.29,39.88,39.95,17075.7459,0
20121022,41,41.95,39.3,41.61,24682.2682,0
20121019,43,43,40.84,41.03,28081.7805,0
20121018,41.3,41.85,40.83,41.65,14449.6019,0
20121017,39.29,42.2,39.29,41.3,43805.1849,0
20121016,38.51,39.57,38.34,39.15,9723.544,0
20121015,39.8,39.98,38.28,38.58,10212.5987,0
20121012,39.54,40.35,38.8,39.78,7722.6948,0
20121011,39.95,40.25,39.38,39.46,11565.6018,0
20121010,38.08,40.53,38.08,39.93,34420.73,0
20121009,37,38.8,37,38.6,23903.984,0
20121008,36.5,37.4,36.5,37.06,19217.3499,0
20120928,35.55,36.49,35.37,36.46,11470.3455,0
20120927,34.8,36.23,34.8,35.52,10342.7814,0
20120926,35.16,35.4,34.71,34.8,12937.5837,0
20120925,35.28,35.5,34.9,35.31,9396.7011,0
20120924,34.76,35.78,34.41,35.27,13112.5868,0
20120921,35.95,36.36,35.01,35.02,19945.3227,0
20120920,37.52,37.58,33.88,36.27,21886.5984,0
20120919,38.03,38.3,37.08,37.51,18405.5737,0
20120918,38.76,38.76,37.82,38.14,13518.5164,0
20120917,37.55,38.82,37.48,38.79,32299.1968,0
20120914,38.47,38.76,37.5,37.79,36215.1947,0
20120913,40.27,40.28,38.44,38.44,25123.163,0
20120912,40.37,40.37,39.6,39.89,14438.8681,0
20120911,40.5,40.57,39.7,40.26,19239.024,0
20120910,40.91,41.29,40.54,40.78,12861.0715,0
20120907,40,41.3,39.81,40.93,26699.2725,0
20120906,39.88,39.99,39.1,39.69,12323.2266,0
20120905,39.69,39.75,38.81,39.6,10221.7282,0
20120904,38.8,40.88,38.5,39.58,45625.5053,0
20120903,38.15,39.34,38.06,38.81,19404.8107,0
20120831,38.22,38.4,37.12,38.2,8901.2288,0
20120830,39.1,39.45,37.88,38,26739.4252,0
20120829,39.52,39.8,39,39.51,17719.1158,0
20120828,39.38,40,38.64,39.58,20899.67,0
20120827,40.79,40.92,38.8,39.18,44731.5751,0
20120824,42.48,42.48,41,41,32100.4125,0
20120823,43.77,43.77,42.48,42.49,25341.3734,0
20120822,43.99,44.48,42.05,44,70160.3597,0
20120821,44,44.51,43.65,44.12,25719.4831,0
20120820,43.07,44.7,43.07,44.08,27451.0381,0
20120817,45.5,45.83,44.8,45.42,19906.2494,0
20120816,43.63,45.65,43.63,45.5,31072.0736,0
20120815,44.95,45,43.9,43.9,15671.2204,0
20120814,44.4,44.97,44.2,44.95,13290.6571,0
20120813,45.15,45.27,44.15,44.33,11501.5392,0
20120810,46,46.28,45.03,45.15,14325.4896,0
20120809,45.25,46.1,44.44,46,17570.9492,0
20120808,45.62,45.66,44.86,45.12,16348.644,0
20120807,45.7,45.91,45.3,45.68,18496.7277,0
20120806,44.16,46.18,43.1,45.7,31854.0215,0
20120803,43,44.22,42.6,44.18,32201.0882,0
20120802,43.32,43.32,42.11,43,18323.5935,0
20120801,43,44.25,42.8,43.5,18179.3447,0
20120731,42.19,43.68,40.31,43.43,34527.0488,0
20120730,43.01,44.48,42,42.8,26564.1723,0
20120727,43.73,44.05,42.61,42.93,24683.4275,0
20120726,43.9,44.66,43.71,43.73,14906.7489,0
20120725,43.65,44.89,43.64,43.9,19257.1069,0
20120724,43.6,44.4,43.35,43.74,13734.6635,0
20120723,44.55,44.55,43.36,43.78,26790.2364,0
20120720,44.1,44.8,44.07,44.65,28995.8523,0
20120719,43.3,44.85,42.53,44.29,44536.4335,0
20120718,42.8,43.31,41.9,43.31,31876.9182,0
20120717,43.28,43.85,42,42.47,55992.5348,0
20120716,45.8,45.82,43.16,43.89,93394.0855,0
20120713,47,47.34,45.31,45.86,57744.4975,0
20120712,45.75,47.17,45.03,46.98,78939.6293,0
20120711,46.2,46.33,45,45.88,67328.8073,0
20120710,45.12,46.94,45.12,46.21,70473.081,0
20120709,46.59,47.75,45.7,45.7,62492.9981,0
20120706,45.6,46.95,44.81,46.67,41726.5111,0
20120705,46.61,46.8,45,45.3,48089.7777,0
20120704,47.6,48.17,46.4,46.85,67176.925,0
20120703,47.08,48,46.83,47.57,76049.0077,0
20120702,44.98,47.2,44.85,47.1,95738.3693,0
20120629,44.95,44.98,43.6,44.83,52703.006,0
20120628,45.1,45.85,44.61,44.96,39670.9869,0
20120627,45.6,46.24,44.47,45,75293.4363,0
20120626,45.88,46.28,44.42,45.46,34711.4688,0
20120625,46.55,46.56,45.21,45.72,35009.7467,0
20120621,48.6,48.6,45.8,46.98,62609.0536,0
20120620,46.58,48.52,46.58,48.52,53044.7085,0
20120619,45.7,47.89,45.7,46.58,57517.4104,0
20120615,45.8,46.6,45.06,45.69,54366.101,0
20120614,47.6,48.49,45.01,45.99,74440.6397,0
20120613,46.5,47.48,45.9,47.4,32329.0052,0
20120612,46.24,46.65,45.75,46.45,23470.5397,0
20120611,45.11,46.5,44.85,46.24,42801.857,0
20120608,45.01,46,44.75,44.99,45250.9378,0
20120607,43.05,45.88,42.84,45.3,82297.9368,0
20120606,42.86,43.38,42.35,42.6,24614.7153,0
20120605,41.92,42.86,41.5,42.86,45729.2494,0
20120604,41.79,42.97,41.45,41.95,44083.6772,0
20120601,42.18,42.47,41.61,42.22,28028.26,0
20120531,41.15,42.5,41,42.18,36970.5177,0
20120530,40.9,41.92,40.7,41.44,51054.9702,0
20120529,39.08,40.8,39.08,40.79,80593.8883,0
20120528,38.37,39.8,38.04,39,111153.4727,0
20120525,40.88,40.88,38,38.48,54571.0979,0
20120524,40.28,41.09,40.28,40.71,25680.7158,0
20120523,40.56,40.63,39.6,40.47,38366.726,0
20120522,41,41,40.5,40.9,24293.4748,0
20120521,41.6,41.6,39.9,40.41,20039.301,0
20120518,40.47,41,39.67,39.9,22248.0895,0
20120517,40.75,40.8,39.51,40.7,37009.9362,0
20120516,42.07,42.88,40.5,40.69,50289.9083,0
20120515,42,42.48,40.8,42.13,50531.5207,0
20120511,42.3,43.83,41.5,43.16,66512.7813,0
20120510,41.98,43,41.75,42.26,33410.0959,0
20120509,42,43.2,41.09,42.28,48310.2697,0
20120508,42.66,43.5,42.01,42.43,84307.3832,0
20120507,41.1,42.88,40.94,42.7,103849.0833,0
20120504,40.35,41.41,40.11,41.15,68203.6691,0
20120503,39.31,41.12,39.18,40.63,74976.3718,0
20120502,40.25,40.59,38.5,39.62,68627.42,0
20120427,40.69,40.9,39.82,40.08,37623.4019,0
20120426,41.15,41.6,39.8,40.4,62255.8075,0
20120425,41.6,42.35,41.26,41.35,66950.3919,0
20120424,39.81,41.89,39.01,41.85,108940.5259,0
20120423,39.6,40.79,38.66,40.18,87509.4479,0
20120420,40.18,41.1,39.58,40.05,94492.6207,0
20120419,39.2,40.23,38.63,40.17,97191.9884,0
20120418,40.22,40.41,38,39.67,155605.3534,0
20120417,42.63,43,40.73,40.8,92064.2957,0
20120416,42.5,43.28,42,42.8,77424.0952,0
20120413,40.6,42.8,40.5,42.63,103586.0028,0
20120412,40.91,40.99,39.51,40.7,81414.6551,0
20120411,40.3,42.12,40.11,40.89,93459.741,0
20120410,41.1,41.5,39.61,40.73,78912.6367,0
20120409,41.17,42.3,40.6,41.4,87308.9379,0
20120406,41.2,42.35,40.11,41.35,147381.4911,0
20120405,40.44,41.5,39.38,40.85,127774.2538,0
20120330,38.15,41,38.15,41,153244.183,0
20120329,37.5,38.69,36.2,38.32,80965.36,0
20120328,38.14,39.18,36.88,37.81,109538.3742,0
20120327,37.85,39.48,37.85,38.07,104152.1615,0
20120326,37.4,37.84,36.56,37.5,72012.5862,0
20120323,36.88,38.25,36.62,37.52,128457.883,0
20120322,35.18,36.7,35,36.2,50211.3944,0
20120321,34.31,35.37,34.31,35.32,52912.2158,0
20120320,36.18,36.27,34.62,34.62,71366.9601,0
20120319,36.68,36.95,35.9,36.32,67246.4617,0
20120316,36,36.69,35.2,36.48,96742.2829,0
20120315,35.58,36.5,35.03,36.13,112512.0398,0
20120314,37.9,38.48,35.17,36.01,221583.8819,0
20120313,37.08,38.5,36.8,37.8,208942.9795,0
20120312,35.5,37.7,35.21,36.82,245648.2493,0
20120309,33.5,34.95,33.48,34.9,201568.1197,0
20120308,32.89,33.78,32.68,33.44,108669.3756,0
20120307,31.98,33.49,31.81,32.9,125338.2618,0
20120306,33.38,33.38,32.6,32.66,115857.2077,0
20120305,33.56,34.1,32.7,33.59,178485.3569,0
20120302,32.57,33.98,32.35,33.56,157658.4762,0
20120301,32.5,32.98,32.11,32.88,159143.3284,0
20120229,33.58,33.85,31.5,31.81,267000.7072,0
20120228,34.2,38,34.2,34.99,605099.8969,0
