Date,Open,High,Low,Close,Amount,Sentiment
20200717,7.27,7.8,7.27,7.59,1058619.722,0
20200716,7.28,7.94,7.02,7.27,1274310.981,0
20200715,8.36,8.39,7.58,7.58,1570281.168,0
20200714,8.07,8.99,7.89,8.42,1863786.037,0
20200713,8.63,8.72,8.22,8.35,2258682.257,0.8336546070121552
20200710,7.07,7.93,6.92,7.93,1343201.588,0.7725033956188195
20200709,7.2,7.7,6.9,7.21,1861371.077,0
20200708,6.89,7.16,6.6,7.16,1952628.298,0
20200707,6.2,6.51,6.19,6.51,1366402.093,0
20200706,5.71,6.05,5.62,5.92,1154823.482,0
20200703,5.47,5.85,5.41,5.69,758448.871,0
20200702,5.17,5.71,5.17,5.47,656978.484,0
20200701,5.4,5.48,5.1,5.2,579805.641,0
20200630,4.9,5.2,4.9,5.2,225239.051,0.039809099511461964
20200629,4.88,4.88,4.71,4.73,140923.865,0
20200624,5.01,5.04,4.89,4.89,140460.976,0
20200623,5.0,5.13,4.94,5.05,156396.608,0
20200622,5.1,5.12,4.98,5.0,169355.256,0
20200619,5.1,5.16,5.05,5.09,123664.218,0
20200618,5.19,5.26,5.09,5.09,180824.857,0
20200617,5.37,5.45,5.19,5.21,293570.091,0
20200616,5.25,5.55,5.15,5.41,393515.647,0
20200615,5.2,5.52,5.14,5.27,501667.772,0
20200612,4.84,5.36,4.81,5.23,461036.974,0
20200611,4.86,4.97,4.85,4.96,220250.369,0
20200610,4.97,5.04,4.87,4.89,147982.107,0
20200609,5.08,5.09,4.91,4.98,201336.595,0
20200608,5.01,5.17,4.97,5.08,285820.359,0
20200605,5.08,5.16,4.95,4.95,263186.021,0
20200604,5.17,5.26,5.01,5.05,272098.896,0
20200603,5.34,5.43,5.11,5.13,529708.276,0
20200602,6.2,6.38,5.48,5.52,1341290.979,0
20200601,5.8,6.07,5.71,5.98,406867.706,0
20200529,5.7,5.97,5.66,5.9,304782.656,0
20200528,5.68,5.79,5.59,5.73,204247.778,0
20200527,5.45,5.85,5.43,5.74,314716.436,0
20200526,5.25,5.55,5.1,5.55,232538.473,0.9468060128462683
20200525,5.22,5.33,5.08,5.23,145108.255,0
20200522,5.17,5.36,5.06,5.26,181783.502,0
20200521,5.28,5.34,5.1,5.16,131680.028,0
20200520,4.96,5.4,4.94,5.3,262737.175,0
20200519,4.87,5.05,4.79,5.0,146577.072,0
20200518,4.81,4.96,4.76,4.85,106944.767,0
20200515,4.81,4.86,4.72,4.81,90218.331,0
20200514,4.69,4.82,4.65,4.79,89300.97,0
20200513,4.53,4.8,4.45,4.73,141261.19,0
20200512,4.64,4.64,4.5,4.54,79429.85,0
20200511,4.79,4.79,4.61,4.61,65794.049,0
20200508,4.69,4.76,4.65,4.72,60209.806,0
20200507,4.58,4.71,4.56,4.67,87695.059,0
20200506,4.46,4.66,4.41,4.58,81691.666,0
20200430,4.47,4.56,4.43,4.46,78557.462,0.5370495669980353
20200429,4.33,4.52,4.32,4.45,80743.296,0
20200428,4.55,4.61,4.28,4.34,99951.035,0
20200427,4.71,4.78,4.53,4.57,84078.855,0
20200424,4.64,4.8,4.6,4.68,111467.391,0
20200423,4.84,4.86,4.63,4.65,186234.892,0
20200422,4.8,4.92,4.8,4.91,84074.745,0.8902303099292117
20200421,4.84,4.91,4.75,4.87,83781.98,0
20200420,4.83,4.97,4.81,4.84,130524.698,0
20200417,4.68,4.86,4.68,4.76,117697.534,0
20200416,4.65,4.73,4.63,4.66,76760.116,0
20200415,4.81,4.86,4.71,4.73,82797.733,0
20200414,4.9,4.9,4.77,4.8,142770.757,0
20200413,5.15,5.15,4.79,4.9,183186.505,0
20200410,5.21,5.3,5.1,5.2,158099.35,0
20200409,5.21,5.25,5.19,5.21,98369.914,0
20200408,5.27,5.29,5.17,5.2,136905.1,0
20200407,5.32,5.36,5.26,5.33,145612.733,0
20200403,5.23,5.37,5.21,5.28,182591.934,0
20200402,5.19,5.26,5.16,5.22,167783.262,0
20200401,5.31,5.35,5.09,5.26,169614.657,0
20200331,5.32,5.49,5.32,5.41,180415.506,0
20200330,5.41,5.47,5.29,5.33,135179.409,0
20200327,5.77,5.79,5.47,5.56,252257.258,0
20200326,5.49,5.88,5.45,5.67,336153.663,0
20200325,5.43,5.52,5.37,5.46,189258.269,0
20200324,5.37,5.45,5.13,5.38,198784.707,0
20200323,5.35,5.65,5.23,5.3,243796.481,0
20200320,5.37,5.7,5.36,5.63,260155.322,0.9652404352699743
20200319,5.25,5.38,5.18,5.27,176977.395,0
20200318,5.69,5.72,5.27,5.29,240471.144,0
20200317,5.68,5.87,5.5,5.67,257157.263,0
20200316,6.1,6.19,5.53,5.69,415348.904,0
20200313,5.49,6.32,5.49,6.14,481346.094,0
20200312,6.0,6.25,5.69,6.03,614878.244,0.7136399384636236
20200311,5.64,6.24,5.6,6.2,745946.903,0.9998212937834272
20200310,5.25,5.85,5.12,5.67,364051.531,0
20200309,5.21,5.5,5.07,5.37,363818.672,0
20200306,5.12,5.33,5.07,5.21,145720.179,0.9424057676770707
20200305,5.12,5.18,5.06,5.17,168543.896,0
20200304,5.07,5.15,5.03,5.09,95155.664,0
20200303,5.11,5.34,4.99,5.15,201541.034,0
20200302,5.18,5.29,5.05,5.09,186047.17,0.5069081415639051
20200228,5.05,5.19,4.96,5.01,151207.194,-0.03182328028745063
20200227,5.28,5.42,5.21,5.25,178982.989,0
20200226,5.01,5.47,4.98,5.28,360480.168,0
20200225,4.8,5.33,4.66,5.18,295832.577,0
20200224,5.1,5.17,4.94,4.97,165373.523,0
20200221,5.19,5.33,5.07,5.12,266585.331,0
20200220,5.14,5.4,5.1,5.34,387969.163,0
20200219,4.76,5.02,4.74,4.91,201401.024,0
20200218,4.76,4.93,4.69,4.77,144538.586,0
20200217,4.53,4.96,4.46,4.79,184377.122,0
20200214,4.39,4.54,4.3,4.51,126935.248,0
20200213,4.5,4.53,4.35,4.39,97473.085,0
20200212,4.45,4.55,4.4,4.5,91228.78,0
20200211,4.51,4.57,4.44,4.44,97396.536,0
20200210,4.36,4.6,4.33,4.49,112975.07,0
20200207,4.45,4.48,4.24,4.42,118786.361,0
20200206,4.4,4.55,4.37,4.49,145597.043,0
20200205,4.24,4.49,4.19,4.44,172063.121,0
20200204,4.1,4.35,4.1,4.25,187718.623,0
20200203,4.46,4.46,4.46,4.46,24138.858,0
20200123,5.04,5.25,4.85,4.95,290521.89,0
20200122,5.12,5.48,5.05,5.33,272207.767,0.5370495669980353
20200121,5.25,5.54,5.11,5.15,380037.52,0
20200120,4.7,5.14,4.7,5.14,343673.317,0
20200117,4.58,4.75,4.55,4.67,164870.824,0
20200116,4.46,4.64,4.44,4.58,164729.965,0
20200115,4.45,4.61,4.43,4.5,152446.104,0
20200114,4.45,4.49,4.44,4.48,88407.689,0
20200113,4.5,4.51,4.44,4.49,71013.834,0
20200110,4.5,4.52,4.46,4.5,71994.559,0
20200109,4.47,4.51,4.43,4.51,92532.787,0
20200108,4.56,4.59,4.46,4.49,129803.799,0
20200107,4.59,4.66,4.57,4.63,101773.267,0
20200106,4.41,4.67,4.38,4.61,213484.198,0
20200103,4.49,4.52,4.44,4.49,102955.418,0
20200102,4.48,4.51,4.43,4.51,135148.102,0
20191231,4.55,4.56,4.41,4.46,152701.382,0
20191230,4.82,4.82,4.5,4.56,272533.315,0
20191227,4.45,4.49,4.38,4.38,109164.139,0.9090888775682306
20191226,4.48,4.68,4.46,4.5,154719.868,0
20191225,4.53,4.57,4.46,4.54,169640.928,0
20191224,4.25,4.68,4.18,4.61,388950.044,0
20191223,4.3,4.47,4.2,4.25,190691.06,0
20191220,4.05,4.42,4.0,4.42,362902.719,0
20191219,3.97,4.04,3.93,4.02,67646.259,0
20191218,3.96,4.01,3.94,3.95,57008.502,0
20191217,3.93,3.98,3.89,3.96,68840.903,0
20191216,3.82,3.93,3.81,3.92,75981.215,0
20191213,3.78,3.81,3.77,3.81,35077.964,0
20191212,3.84,3.84,3.77,3.77,38635.161,0
20191211,3.86,3.86,3.83,3.84,21834.96,0
20191210,3.88,3.88,3.84,3.87,22364.268,0
20191209,3.88,3.89,3.85,3.89,25645.825,0
20191206,3.88,3.89,3.84,3.87,20263.753,-0.04243104038326743
20191205,3.86,3.9,3.84,3.88,21155.345,0
20191204,3.85,3.86,3.83,3.86,13712.242,0
20191203,3.81,3.86,3.8,3.86,21588.767,0
20191202,3.84,3.85,3.81,3.83,15661.352,0
20191129,3.84,3.85,3.82,3.84,16386.799,0
20191128,3.88,3.89,3.83,3.84,16987.961,0
20191127,3.88,3.92,3.86,3.88,19770.072,0
20191126,3.93,3.93,3.87,3.9,18671.724,0
20191125,3.84,3.92,3.83,3.92,29986.136,0
20191122,3.83,3.88,3.81,3.83,20007.267,0.3737417182392747
20191121,3.8,3.83,3.77,3.82,13613.063,0
20191120,3.86,3.86,3.8,3.81,14810.926,0
20191119,3.79,3.86,3.79,3.86,20559.238,0
20191118,3.81,3.83,3.76,3.82,10181.052,0
20191115,3.9,3.9,3.81,3.82,20185.124,0
20191114,3.89,3.91,3.86,3.9,12213.246,0
20191113,3.9,3.91,3.86,3.9,15037.821,0
20191112,3.91,3.93,3.85,3.91,21471.473,0.6853520870050953
20191111,4.0,4.01,3.88,3.9,29354.102,0
20191108,4.02,4.05,3.99,4.02,34756.12,0
20191107,4.0,4.04,3.98,4.0,22090.853,0.6853520870050953
20191106,4.08,4.08,3.99,4.0,29891.405,0
20191105,4.05,4.09,4.02,4.06,29994.841,0
20191104,4.09,4.13,4.01,4.03,35120.377,0.6853520870050953
20191101,4.1,4.12,4.05,4.1,28167.399,0
20191031,4.17,4.22,4.1,4.1,41192.739,0
20191030,4.11,4.21,4.05,4.19,57238.68,0
20191029,4.09,4.12,4.04,4.1,62600.084,0
20191028,4.07,4.1,4.04,4.1,52782.314,0
20191025,4.02,4.09,4.01,4.08,37436.231,0
20191024,4.04,4.06,4.0,4.04,25972.158,0
20191023,4.08,4.08,4.03,4.05,19928.148,0
20191022,4.05,4.09,4.03,4.09,22912.19,0
20191021,4.02,4.07,3.97,4.05,24565.608,0
20191018,4.11,4.13,4.03,4.05,23507.046,0
20191017,4.14,4.16,4.11,4.12,22619.417,0
20191016,4.2,4.26,4.14,4.14,30466.905,0
20191015,4.21,4.23,4.18,4.2,17862.364,0
20191014,4.18,4.25,4.18,4.23,33432.01,0
20191011,4.18,4.19,4.13,4.17,20104.429,0
20191010,4.13,4.21,4.12,4.17,30482.749,0
20191009,4.12,4.15,4.08,4.14,17247.207,0
20191008,4.12,4.16,4.11,4.12,16111.298,0
20190930,4.16,4.17,4.12,4.14,20424.876,0
20190927,4.14,4.18,4.14,4.15,18338.406,0
20190926,4.2,4.23,4.13,4.13,33139.105,0
20190925,4.27,4.27,4.17,4.19,32328.811,0
20190924,4.27,4.33,4.24,4.26,28891.93,0
20190923,4.37,4.37,4.23,4.29,31685.127,0
20190920,4.36,4.4,4.34,4.37,21916.459,0
20190919,4.4,4.4,4.33,4.36,25064.712,0
20190918,4.4,4.41,4.36,4.4,24915.701,0
20190917,4.51,4.51,4.36,4.38,40952.437,0
20190916,4.51,4.56,4.49,4.54,36645.688,0
20190912,4.51,4.54,4.48,4.52,29615.077,0
20190911,4.53,4.53,4.47,4.49,33096.023,0
20190910,4.51,4.52,4.47,4.52,29049.15,0
20190909,4.48,4.53,4.45,4.52,45949.652,0
20190906,4.45,4.49,4.4,4.46,35191.067,0
20190905,4.45,4.51,4.44,4.45,44705.231,0
20190904,4.33,4.43,4.33,4.42,33911.775,0
20190903,4.38,4.38,4.33,4.35,20185.297,0
20190902,4.31,4.39,4.24,4.37,34698.219,0
20190830,4.34,4.37,4.23,4.31,24790.639,0
20190829,4.36,4.39,4.3,4.32,33226.666,0
20190828,4.33,4.46,4.31,4.37,42736.502,0
20190827,4.3,4.42,4.3,4.39,29259.601,0
20190826,4.26,4.32,4.24,4.29,15814.848,0
20190823,4.38,4.4,4.32,4.34,25271.401,0
20190822,4.41,4.42,4.34,4.4,17913.443,0
20190821,4.42,4.43,4.37,4.39,16955.658,0
20190820,4.39,4.51,4.39,4.39,35273.594,0
20190819,4.27,4.45,4.27,4.4,40182.177,0
20190816,4.27,4.3,4.23,4.23,24791.703,0
20190815,4.15,4.29,4.13,4.26,18921.228,0
20190814,4.3,4.34,4.27,4.27,22165.023,0
20190813,4.23,4.42,4.2,4.28,29016.715,0
20190812,4.22,4.28,4.2,4.27,20157.088,0
20190809,4.32,4.34,4.17,4.23,20724.594,0
20190808,4.3,4.34,4.29,4.3,18411.394,0
20190807,4.35,4.36,4.29,4.3,19861.263,0
20190806,4.46,4.55,4.29,4.33,42455.65,0
20190805,4.57,4.58,4.47,4.52,24333.472,0
20190802,4.62,4.64,4.57,4.58,26284.218,0.7847930105679569
20190801,4.77,4.79,4.68,4.7,25803.0,0
20190731,4.8,4.83,4.76,4.82,16803.293,0.6112008270015653
20190730,4.76,4.86,4.76,4.81,21736.45,0.6886622500677175
20190729,4.77,4.82,4.7,4.75,22913.111,0
20190726,4.87,4.87,4.77,4.83,28031.515,-0.14830252000705996
20190725,4.92,4.93,4.87,4.91,18356.585,0.6853520870050953
20190724,4.83,5.0,4.82,4.88,22946.492,0
20190723,4.77,4.85,4.77,4.84,15116.79,0
20190722,4.87,4.9,4.74,4.77,24394.507,0
20190719,4.87,4.97,4.87,4.9,24860.236,0
20190718,4.84,4.95,4.84,4.87,37409.038,0
20190717,4.82,4.91,4.78,4.91,31474.798,0
20190716,4.79,4.84,4.77,4.81,21060.107,0
20190715,4.74,4.83,4.63,4.8,30317.344,0
20190712,4.8,4.83,4.72,4.74,24121.896,0
20190711,4.79,4.84,4.73,4.79,16544.756,0
20190710,4.89,4.89,4.7,4.74,29519.421,0
20190709,4.88,4.92,4.81,4.87,23129.798,0.0
20190708,5.06,5.06,4.87,4.9,37826.726,0
20190705,5.05,5.08,5.03,5.07,32626.39,0
20190704,5.01,5.1,5.0,5.06,31434.994,0
20190703,5.07,5.07,5.0,5.01,24790.959,0
20190702,5.05,5.11,5.02,5.07,47586.293,0
20190701,5.07,5.08,5.0,5.05,41241.865,0
20190628,5.04,5.04,4.89,4.95,28288.621,0
20190627,5.02,5.06,4.96,4.99,34547.577,0
20190626,4.98,5.05,4.95,4.99,31287.412,0
20190625,5.09,5.11,4.92,5.0,53339.45,0.6359179136694086
20190624,5.14,5.15,5.05,5.12,44904.041,0
20190621,5.13,5.19,5.1,5.14,56796.961,0
20190620,5.05,5.15,4.98,5.09,63350.396,0
20190619,5.11,5.16,5.01,5.04,53257.311,0
20190618,5.11,5.14,4.99,5.01,62274.073,0
20190617,4.9,5.04,4.84,5.04,52274.209,0
20190614,4.92,5.18,4.83,4.83,91684.644,0
20190613,4.88,4.97,4.82,4.95,53528.21,0
20190612,4.82,4.91,4.81,4.89,54275.956,0
20190611,4.69,4.87,4.69,4.87,65776.343,0
20190610,4.65,4.73,4.6,4.7,42296.072,0
20190606,4.63,4.68,4.53,4.65,50124.888,0
20190605,4.61,4.7,4.61,4.65,50096.639,0
20190604,4.58,4.6,4.5,4.59,42710.575,0
20190603,4.59,4.64,4.55,4.61,64601.662,0
20190531,4.63,4.66,4.54,4.55,69351.535,0
20190530,4.7,4.7,4.55,4.63,88924.557,0
20190529,4.71,4.95,4.71,4.77,177389.553,0
20190528,5.15,5.2,5.11,5.15,41370.805,0.8874546559036803
20190527,5.09,5.17,5.03,5.15,39170.366,0
20190524,5.05,5.12,5.01,5.05,29075.716,0
20190523,5.2,5.21,5.08,5.11,66589.885,0
20190522,5.09,5.5,4.99,5.31,115587.58,0
20190521,5.04,5.17,5.0,5.13,39915.062,0
20190520,5.06,5.08,4.93,5.05,44338.65,0
20190517,5.4,5.43,5.03,5.1,79504.183,-0.9166024867358443
20190516,5.36,5.43,5.34,5.39,64048.228,0
20190515,5.28,5.59,5.26,5.41,91799.118,0
20190514,5.28,5.32,5.22,5.25,49482.81,0
20190513,5.35,5.45,5.28,5.38,58932.514,0
20190510,5.22,5.36,5.13,5.34,75732.62,0
20190509,5.25,5.26,5.17,5.18,36744.189,0
20190508,5.15,5.31,5.1,5.24,46666.273,0
20190507,5.27,5.34,5.12,5.27,72058.737,0
20190506,5.59,5.63,5.25,5.25,112495.91,0
20190430,5.72,5.87,5.71,5.83,64708.542,0
20190429,6.0,6.05,5.65,5.7,96513.908,0
20190426,6.01,6.13,5.88,6.0,96544.22,0
20190425,6.3,6.37,6.0,6.03,126188.279,0
20190424,6.26,6.34,6.15,6.31,90330.772,0
20190423,6.52,6.52,6.11,6.21,173443.731,0
20190422,6.64,6.68,6.46,6.49,188864.116,0.0
20190419,6.68,6.78,6.54,6.72,194312.968,0
20190418,6.63,6.82,6.58,6.69,233799.112,0
20190417,6.6,6.68,6.57,6.62,194897.195,0
20190416,6.6,6.67,6.34,6.66,237035.032,0
20190415,6.73,6.87,6.55,6.65,292134.798,0
20190412,6.88,7.0,6.6,6.65,355940.979,0
20190411,6.7,7.09,6.6,6.93,682224.153,0
20190410,6.44,7.17,6.4,6.78,794500.566,0
20190409,6.3,6.54,6.25,6.52,287569.792,0.8225101458459946
20190408,6.4,6.45,6.16,6.26,185937.679,0
20190404,6.5,6.59,6.31,6.37,199409.421,0
20190403,6.27,6.41,6.18,6.35,209881.365,0
20190402,6.15,6.46,6.05,6.37,277419.01,0
20190401,5.93,6.14,5.9,6.1,155358.684,0
20190329,5.79,5.93,5.66,5.9,129310.788,0
20190328,5.96,5.97,5.75,5.75,144623.722,0
20190327,6.13,6.16,5.86,5.98,145523.423,0
20190326,6.44,6.47,6.04,6.13,220697.68,0
20190325,6.45,6.52,6.31,6.44,262530.804,0
20190322,6.54,6.64,6.41,6.6,258283.019,0
20190321,6.63,6.72,6.52,6.59,343837.02,0
20190320,6.42,6.62,6.3,6.61,443934.387,0
20190319,6.45,6.55,6.32,6.43,305372.798,0
20190318,6.31,6.55,6.17,6.53,507430.02,0
20190315,6.19,6.38,6.12,6.23,310267.723,0
20190314,6.03,6.26,5.92,6.12,275411.854,0
20190313,5.93,6.05,5.83,6.05,346220.863,0
20190312,5.8,5.96,5.8,5.93,327324.306,0
20190311,5.7,5.8,5.59,5.8,175240.374,0
20190308,6.11,6.12,5.62,5.63,365550.988,0
20190307,6.13,6.3,6.05,6.24,450692.808,0
20190306,5.85,6.41,5.76,6.3,448217.828,0
20190305,5.71,5.92,5.68,5.83,199939.877,0
20190304,5.63,5.86,5.63,5.73,205461.824,0
20190301,5.7,5.73,5.56,5.63,71543.971,0
20190228,5.7,5.8,5.58,5.65,108886.897,0
20190227,5.77,5.85,5.59,5.66,157150.975,0
20190226,5.57,5.87,5.43,5.71,206812.997,0
20190225,5.15,5.57,5.13,5.52,153379.279,0
20190222,5.04,5.12,5.02,5.11,53913.58,0
20190221,5.14,5.15,5.04,5.06,60360.102,0
20190220,5.02,5.14,4.98,5.13,73333.673,0
20190219,4.99,5.18,4.97,5.03,64416.825,0
20190218,4.79,5.06,4.79,5.01,57252.917,0
20190215,4.82,4.84,4.76,4.77,24308.354,0
20190214,4.79,4.85,4.76,4.81,31795.714,0
20190213,4.76,4.81,4.68,4.79,30416.214,0
20190212,4.65,4.76,4.62,4.73,27790.519,0
20190211,4.49,4.68,4.46,4.66,31415.374,0
20190201,4.38,4.48,4.38,4.48,21761.431,0
20190131,4.72,4.72,4.32,4.36,57994.393,0.8573029375295761
20190130,4.64,4.73,4.64,4.65,15410.134,0
20190129,4.77,4.77,4.6,4.66,25248.672,0
20190128,4.83,4.84,4.73,4.74,22795.107,0
20190125,4.83,4.86,4.8,4.8,23814.119,0
20190124,4.9,4.93,4.78,4.85,57646.959,0
20190123,5.05,5.07,4.91,4.95,56335.869,0
20190122,5.03,5.22,4.99,5.12,83517.553,0
20190121,4.97,5.03,4.96,4.99,29744.272,0
20190118,5.01,5.05,4.88,4.97,36401.724,0.22331264534782247
20190117,5.06,5.12,5.0,5.01,28689.23,0
20190116,5.04,5.1,5.01,5.05,33205.076,0
20190115,4.93,5.14,4.91,5.11,52971.778,0.7684570593493979
20190114,4.97,5.03,4.95,4.96,22555.859,0
20190111,4.92,4.97,4.9,4.96,18037.709,0
20190110,4.95,4.98,4.91,4.91,19574.172,0
20190109,4.93,5.04,4.91,4.93,30253.183,0
20190108,4.91,4.94,4.88,4.92,20910.41,0
20190107,4.91,4.95,4.87,4.92,24443.288,0
20190104,4.68,4.86,4.64,4.86,31172.072,0
20190103,4.76,4.79,4.65,4.75,17324.545,0
20190102,4.76,4.84,4.71,4.75,23188.034,0
20181228,4.68,4.79,4.67,4.71,22354.609,0.8713717422901929
20181227,4.84,4.86,4.62,4.66,27508.223,0
20181226,4.8,4.84,4.77,4.78,16857.582,0
20181225,4.95,4.95,4.66,4.81,43809.562,0
20181224,5.03,5.03,4.97,5.0,20091.5,0
20181221,5.02,5.06,4.97,5.0,17429.494,0
20181220,5.07,5.08,5.0,5.05,22581.78,0
20181219,5.1,5.15,4.95,5.07,24010.035,0
20181218,5.12,5.17,5.05,5.11,29044.461,0
20181217,5.17,5.19,5.1,5.15,24961.405,0
20181214,5.29,5.35,5.15,5.18,38855.304,0
20181213,5.24,5.34,5.2,5.29,34764.622,0
20181212,5.26,5.29,5.23,5.24,21973.832,0
20181211,5.24,5.27,5.2,5.24,24316.723,0.5370495669980353
20181210,5.36,5.36,5.18,5.21,41912.538,0
20181207,5.43,5.43,5.36,5.37,33419.376,0
20181206,5.36,5.5,5.32,5.41,78327.922,0.6853520870050953
20181205,5.3,5.64,5.26,5.39,93408.272,0.9468060128462683
20181204,5.39,5.46,5.26,5.43,86786.45,0
20181203,5.46,5.54,5.4,5.49,58544.104,0.43871065011798716
20181130,5.25,5.34,5.19,5.33,42896.675,0.2778848690040518
20181129,5.52,5.58,5.28,5.3,76160.373,0
20181128,5.36,5.69,5.22,5.57,104795.339,0
20181127,5.47,5.52,5.31,5.37,50406.543,0
20181126,5.58,5.6,5.38,5.45,65376.382,0
20181123,5.95,5.95,5.54,5.61,117084.236,0.5370495669980353
20181122,5.79,6.02,5.75,5.98,178797.556,0
20181121,5.55,5.78,5.52,5.76,67790.737,0.362560418228532
20181120,5.73,5.84,5.62,5.66,95265.953,0
20181119,5.85,5.87,5.68,5.79,137878.972,0
20181116,5.88,5.92,5.78,5.85,139174.862,0
20181115,6.0,6.0,5.78,5.83,144033.941,0.9698139377727566
20181114,5.8,5.94,5.69,5.73,127245.156,0
20181113,5.53,5.84,5.49,5.73,143464.989,0.6853520870050953
20181112,5.29,5.59,5.29,5.59,96628.439,0
20181109,5.39,5.39,5.27,5.28,52266.878,0
20181108,5.31,5.46,5.25,5.39,80398.354,0
20181107,5.36,5.39,5.25,5.26,55163.356,0.734786260340782
20181106,5.41,5.42,5.27,5.35,63535.241,0.9985079423323266
20181105,5.23,5.49,5.21,5.47,104601.376,0
20181102,5.2,5.25,5.17,5.24,64816.177,0
20181101,5.19,5.24,5.13,5.15,45685.897,0
20181031,5.14,5.2,5.1,5.17,30548.175,0
20181030,5.06,5.15,4.98,5.11,30774.079,0
20181029,5.17,5.21,5.0,5.08,36976.968,0
20181026,5.17,5.38,5.13,5.16,54194.118,0
20181025,5.0,5.16,4.88,5.11,40900.078,0.14830252000705996
20181024,5.28,5.3,5.11,5.18,43424.424,0
20181023,5.25,5.36,5.13,5.2,73600.07,0
20181022,5.04,5.33,5.0,5.23,79288.999,0
20181019,4.71,5.03,4.66,4.95,59574.785,0.7548532722936664
20181018,5.42,5.42,4.98,4.98,103052.784,0
20181017,5.51,5.77,5.38,5.53,186379.679,0
20181016,5.18,5.34,5.1,5.26,73376.116,0
20181015,5.17,5.39,5.12,5.19,41454.923,0
20181012,5.33,5.43,4.87,5.25,97760.277,0
20181011,5.81,5.83,5.41,5.41,67415.521,0
20181010,6.1,6.1,5.97,6.01,41308.53,0
20181009,5.96,6.07,5.93,6.05,53008.397,0
20181008,5.97,6.05,5.91,5.95,83261.799,0
20180928,5.87,6.33,5.85,6.11,118985.091,0
20180927,5.92,5.94,5.83,5.84,47929.583,0
20180926,5.89,5.94,5.87,5.89,52385.819,0
20180925,5.87,5.91,5.81,5.87,50569.912,0.9768228607302479
20180921,5.91,5.93,5.83,5.91,65304.573,0
20180920,5.86,5.94,5.83,5.86,39653.291,0
20180919,5.72,5.97,5.69,5.88,65793.273,0
20180918,5.55,5.74,5.55,5.72,48864.495,0
20180917,5.81,5.86,5.58,5.59,60694.009,0
20180914,5.9,5.96,5.81,5.85,48937.881,0
20180913,5.98,5.99,5.83,5.92,45714.345,0
20180912,5.99,6.02,5.89,5.93,36164.123,0
20180911,6.0,6.05,5.95,5.96,40171.485,0
20180910,5.92,6.13,5.89,6.0,74599.049,0
20180907,5.87,6.02,5.83,6.0,60009.998,0
20180906,5.92,5.96,5.79,5.82,43868.151,0.9992335720788834
20180905,6.03,6.09,5.94,5.95,53213.053,0
20180904,5.97,6.05,5.93,6.01,40881.898,0
20180903,5.89,6.04,5.79,5.99,65581.033,0
20180831,5.84,6.03,5.69,5.92,73280.613,0
20180830,6.04,6.06,5.87,5.88,61458.885,0
20180829,6.2,6.2,6.04,6.06,65763.07,0
20180828,6.2,6.23,6.14,6.18,72120.691,0
20180827,6.16,6.25,6.08,6.2,119548.751,0
20180824,6.0,6.33,5.88,6.23,163750.303,0
20180823,6.1,6.1,5.95,6.05,78468.241,0
20180822,6.09,6.28,6.04,6.07,103067.357,0
20180821,6.02,6.31,5.92,6.16,189083.511,0
20180820,6.01,6.21,5.94,6.04,262098.246,0.5595716156455034
20180817,7.11,7.11,6.6,6.6,340103.118,0
20180816,7.33,7.33,7.33,7.33,78112.145,0
20180815,8.14,8.14,8.14,8.14,4870.976,0
20180814,9.04,9.04,9.04,9.04,4351.856,0
20180813,10.04,10.04,10.04,10.04,1771.056,-0.5370495669980354
20180122,11.96,12.27,11.16,11.16,116859.63,0.8362315017026832
20180119,12.78,12.88,12.36,12.4,81761.374,0
20180118,13.1,13.15,12.65,12.8,78640.352,0.6853520870050953
20180117,13.07,13.53,12.92,13.09,151226.956,0.14830252000705996
20180116,12.58,13.32,12.5,13.07,134214.158,0.8336546070121552
20180115,12.83,12.86,12.36,12.43,90468.22,0
20180112,12.73,13.06,12.62,12.91,111250.186,0
20180111,12.29,12.82,12.2,12.71,91380.622,0
20180110,12.04,12.57,11.92,12.3,101294.163,0.8902303099292117
20180109,11.73,12.04,11.73,12.0,29197.436,0
20180108,11.8,12.2,11.48,11.84,73401.857,0
20180105,11.84,12.09,11.73,11.95,55343.891,0
20180104,11.95,12.0,11.7,11.81,34143.561,0.05657570291705655
20180103,11.99,11.99,11.68,11.9,50392.137,0.05657570291705655
20180102,11.83,12.1,11.75,11.99,52690.678,0.2778848690040518
20171229,11.57,11.89,11.51,11.83,57930.801,0
20171228,11.5,11.61,11.2,11.51,72547.304,0
20171227,12.94,12.94,11.57,11.72,181675.909,0
20171226,12.92,13.11,12.82,12.85,31810.052,0
20171225,13.42,13.42,12.89,12.99,53042.07,0
20171222,13.24,13.49,13.24,13.43,28266.719,0
20171221,13.27,13.5,13.17,13.3,32837.862,0
20171220,13.35,13.38,13.12,13.28,26112.504,0
20171219,13.21,13.4,13.11,13.26,45134.859,0
20171218,13.57,13.57,13.13,13.21,74142.834,0
20171215,13.87,14.03,13.42,13.57,103836.145,0
20171214,13.55,14.06,13.55,14.04,105740.519,0
20171213,13.8,13.8,13.3,13.45,94544.278,0
20171212,14.03,14.03,13.77,13.82,57920.261,0
20171211,14.2,14.2,13.81,14.05,88740.382,0
20171208,13.12,14.04,13.12,14.01,85765.036,0
20171207,13.85,13.85,13.3,13.34,33321.683,0
20171206,13.06,13.48,12.92,13.45,60743.449,0
20171205,13.92,14.1,13.1,13.16,125118.96,0
20171204,14.27,14.33,13.88,14.02,84279.451,0
20171201,13.89,14.36,13.79,14.26,155937.408,0
20171130,13.75,14.08,13.71,13.91,64781.883,0
20171129,13.43,14.02,13.21,13.81,98964.619,0
20171128,13.37,13.67,13.36,13.42,34013.501,0
20171127,13.19,13.53,13.13,13.38,51512.425,0
20171124,13.28,13.28,13.02,13.13,36738.61,0.9086647323529178
20171123,13.29,13.43,13.1,13.16,35047.768,0
20171122,13.58,13.98,13.0,13.26,31855.38,0
20171121,13.38,13.75,13.28,13.47,43060.275,0
20171120,13.56,13.56,13.18,13.35,40562.067,0
20171117,13.5,14.04,13.33,13.35,77750.822,0
20171116,13.22,13.66,13.22,13.56,37792.243,0
20171115,13.4,13.65,13.31,13.41,52230.502,0
20171114,14.04,14.13,13.34,13.38,143058.317,0
20171113,14.29,14.29,13.98,14.09,77980.609,0
20171110,14.37,14.43,14.03,14.21,86233.494,0
20171109,14.26,14.64,14.19,14.34,138093.256,0
20171108,14.27,14.3,13.98,14.28,83476.409,0
20171107,14.19,14.4,14.06,14.26,98199.581,0
20171106,13.75,14.59,13.75,14.19,67838.197,0
20171103,13.54,13.83,13.53,13.77,47303.121,0
20171102,14.19,14.2,13.62,13.63,84012.26,0
20171101,14.06,14.31,14.06,14.17,49880.648,0
20171031,14.01,14.29,14.01,14.24,51275.114,0
20171030,14.37,14.39,14.0,14.06,62396.039,0
20171027,14.21,14.39,14.04,14.18,62665.837,0
20171026,14.21,14.38,13.97,14.21,58229.947,0
20171025,13.54,14.91,13.54,14.15,166819.801,0
20171024,13.57,13.84,13.42,13.55,52571.456,0
20171023,13.7,13.74,13.4,13.55,54479.365,0
20171020,13.26,13.79,13.2,13.67,80418.438,0
20171019,13.19,13.51,13.16,13.26,53253.892,0
20171018,13.22,13.39,13.11,13.18,48291.448,0
20171017,13.7,13.8,12.98,13.25,185914.164,0
20171016,14.61,14.98,13.8,13.85,87227.686,0
20171013,14.5,14.91,14.5,14.79,87346.652,0
20171012,14.96,15.0,14.45,14.49,102103.055,0
20171011,14.97,15.99,14.83,15.07,234498.811,0
20171010,14.42,14.98,14.41,14.9,85845.649,0
20171009,14.42,14.68,14.36,14.57,69163.316,0
20170929,14.51,14.63,14.35,14.4,72381.612,0
20170928,14.02,14.64,13.8,14.51,116421.604,0
20170927,13.81,14.36,13.81,14.1,47877.672,0
20170926,14.15,14.16,13.63,13.95,49644.361,0
20170925,14.27,14.37,14.02,14.15,38391.35,0
20170922,14.1,14.28,13.83,14.24,76864.888,0
20170921,14.51,14.72,14.1,14.18,87629.107,0
20170920,14.58,14.78,14.3,14.55,97465.516,0
20170919,14.27,14.86,14.13,14.61,172103.556,0
20170918,14.1,14.47,13.91,14.26,98575.147,0
20170915,14.05,14.39,13.87,14.06,112858.865,0
20170914,13.15,14.39,13.14,13.99,145244.953,0
20170913,13.2,13.24,13.1,13.2,17941.246,0
20170912,13.25,13.34,13.1,13.24,46659.13,0
20170911,12.93,13.33,12.92,13.25,62687.403,0
20170908,13.03,13.27,12.91,13.09,66898.511,0
20170907,12.8,13.18,12.8,13.03,51255.36,0
20170906,12.91,13.04,12.68,12.88,42414.786,0
20170905,13.13,13.28,12.96,12.98,72169.208,0
20170904,13.09,13.65,13.09,13.28,111260.533,0
20170901,13.05,13.27,12.84,13.11,57843.335,0
20170831,12.99,13.11,12.75,12.95,68306.338,0
20170830,12.87,13.03,12.77,12.93,39586.886,0
20170829,12.69,13.0,12.56,12.94,52176.026,0
20170828,12.67,13.08,12.65,12.79,40939.137,0
20170825,12.61,12.87,12.55,12.77,50293.946,0
20170824,13.2,13.55,12.65,12.72,100237.022,0
20170823,12.61,13.28,12.53,13.06,119755.655,0
20170822,12.6,12.86,12.53,12.68,27958.788,0
20170821,12.74,12.99,12.51,12.69,47583.125,0
20170818,12.36,13.09,12.28,12.74,111133.38,0
20170817,12.38,12.55,12.3,12.42,37393.262,0
20170816,12.07,12.57,11.8,12.45,112372.558,0
20170815,12.35,12.45,12.06,12.14,50301.634,0
20170814,11.23,12.42,11.17,12.35,156870.624,0
20170811,11.32,11.46,11.16,11.29,27753.414,0
20170810,11.57,11.63,11.34,11.42,28842.114,0
20170809,11.57,11.65,11.46,11.56,29702.995,0
20170808,11.64,11.68,11.39,11.51,27378.166,0
20170807,11.45,11.68,11.4,11.57,19737.305,0
20170804,11.3,11.66,11.3,11.46,41409.069,0
20170803,11.37,11.48,11.25,11.35,34099.415,0
20170802,11.27,11.65,11.16,11.43,58368.102,0
20170801,11.27,11.35,11.09,11.28,42259.625,0
20170731,11.31,11.33,11.13,11.26,30701.828,0
20170728,11.01,11.36,10.92,11.3,41848.18,0
20170727,11.14,11.14,10.85,11.0,47036.843,0
20170726,10.48,11.15,10.48,11.14,58582.981,0
20170725,10.64,10.95,10.56,10.74,65316.888,0
20170724,10.07,10.72,10.06,10.68,89148.535,0
20170721,9.82,10.09,9.82,10.08,34535.667,0
20170720,9.98,10.13,9.8,9.89,34061.746,0
20170719,9.78,10.01,9.71,9.97,22447.603,0
20170718,9.69,9.79,9.57,9.76,15004.841,0
20170717,10.05,10.1,9.54,9.69,22792.564,0
20170714,10.25,10.25,10.01,10.12,20494.851,0
20170713,9.95,9.96,9.89,9.94,10525.765,0
20170712,10.15,10.15,9.81,9.95,19772.179,0
20170711,10.23,10.28,10.09,10.1,16929.331,0
20170710,10.24,10.29,10.18,10.2,16734.032,0
20170707,10.24,10.3,10.2,10.25,15603.629,0
20170706,10.2,10.37,10.17,10.24,24792.136,0
20170705,10.25,10.25,10.16,10.2,14053.104,0
20170704,10.28,10.28,10.17,10.19,16871.547,0
20170703,10.28,10.29,10.18,10.26,16931.853,0
20170630,10.3,10.48,10.18,10.27,14566.023,0
20170629,10.35,10.35,10.25,10.33,14462.662,0
20170628,10.4,10.47,10.1,10.32,25423.837,0
20170627,10.4,10.42,10.25,10.37,31312.754,0
20170626,10.17,10.48,10.13,10.3,29352.087,0
20170623,10.2,10.65,10.07,10.17,33842.537,0
20170622,10.28,10.78,10.11,10.25,32944.689,0
20170621,10.28,10.3,10.13,10.29,17102.664,0
20170620,10.16,10.32,10.07,10.25,21717.929,0
20170619,10.14,10.17,10.02,10.16,17855.589,0
20170616,10.07,10.1,9.96,10.09,18245.188,0
20170615,9.99,10.07,9.99,10.07,16589.475,0
20170614,10.09,10.14,10.0,10.01,13296.831,0
20170613,9.85,10.01,9.84,9.95,12637.507,0.5370495669980353
20170612,10.03,10.03,9.82,9.85,19904.74,0
20170609,10.0,10.04,9.91,10.0,18295.754,0
20170608,10.03,10.14,9.98,9.99,24221.524,0
20170607,9.79,10.05,9.76,10.04,29398.22,0
20170606,9.78,9.85,9.68,9.79,15567.078,0
20170605,9.71,9.85,9.67,9.74,14470.298,0
20170602,9.76,9.86,9.51,9.7,22437.659,0
20170601,10.23,10.23,9.7,9.79,20330.511,0
20170531,10.34,10.37,10.16,10.16,27556.704,0
20170526,10.21,10.32,10.2,10.24,10283.876,0
20170525,10.1,10.49,9.95,10.29,23895.035,0
20170524,10.0,10.12,9.87,10.03,17300.104,0
20170523,10.35,10.44,9.99,10.0,21422.761,0
20170522,10.73,10.75,10.32,10.33,18968.547,0
20170519,10.77,10.81,10.71,10.75,10287.577,0
20170518,10.8,10.86,10.67,10.75,11236.572,0
20170517,10.83,10.9,10.77,10.81,20215.342,0
20170516,10.65,10.85,10.53,10.83,23147.688,0
20170515,10.65,10.87,10.54,10.7,22163.68,0
20170512,10.59,10.64,10.43,10.54,19470.351,0
20170511,10.65,10.71,10.33,10.53,30231.806,0
20170510,11.05,11.1,10.63,10.65,27952.848,0
20170509,10.99,11.1,10.93,11.05,16466.287,0
20170508,11.49,11.55,10.96,11.03,37054.676,0
20170505,11.29,11.66,11.29,11.49,45097.343,0
20170504,11.4,11.56,11.24,11.29,34656.352,0
20170503,11.59,11.65,11.37,11.4,35142.169,0
20170502,11.45,11.73,11.34,11.58,38675.094,0
20170428,11.4,11.58,11.3,11.45,23012.542,0
20170427,11.35,11.49,11.01,11.46,40610.17,0
20170426,11.27,11.4,11.21,11.36,25187.067,0
20170425,11.24,11.37,11.1,11.28,32750.39,0
20170424,11.81,11.84,11.15,11.2,40574.162,0
20170421,11.9,11.97,11.76,11.81,28432.848,0
20170420,12.08,12.14,11.81,11.88,36066.259,0
20170419,11.95,12.1,11.68,12.09,45334.532,0
20170418,12.17,12.23,11.91,11.94,43940.35,0.8279361542765712
20170417,12.41,12.45,11.9,12.17,68993.129,0.8345134723493878
20170414,12.82,13.12,12.52,12.53,110343.168,0
20170413,12.55,13.18,12.38,12.81,132864.073,0
20170412,12.43,12.78,12.32,12.55,128473.342,0
20170411,12.18,12.43,12.13,12.4,68175.06,0
20170410,12.06,12.25,12.05,12.24,43016.523,0
20170407,12.27,12.53,12.26,12.35,89387.227,0
20170406,12.24,12.38,12.06,12.24,61586.137,0
20170405,11.87,12.09,11.86,12.05,50216.356,0
20170331,11.82,11.97,11.75,11.86,28665.116,0
20170330,12.02,12.08,11.79,11.82,55278.546,0
20170329,12.14,12.21,12.0,12.02,47205.339,0
20170328,12.35,12.4,12.13,12.15,50529.3,0
20170327,12.49,12.65,12.27,12.34,74230.721,0
20170324,12.52,12.67,12.43,12.47,72027.654,0
20170323,12.56,12.66,12.23,12.38,70771.808,0
20170322,12.2,12.74,12.1,12.56,147641.709,0
20170321,12.5,12.5,12.22,12.25,59156.414,0
20170320,12.1,12.45,12.04,12.42,84698.886,0
20170317,12.01,12.18,12.01,12.1,52007.751,0
20170316,12.02,12.16,11.99,12.05,53439.846,0
20170315,11.95,12.06,11.83,11.95,27693.847,0
20170314,12.04,12.1,11.92,11.97,22721.713,0
20170313,11.93,12.1,11.82,12.05,32864.886,0
20170310,11.9,11.95,11.79,11.89,18256.76,0
20170309,11.92,11.99,11.85,11.86,24728.192,0
20170308,12.06,12.06,11.86,12.0,27042.964,0
20170307,11.92,12.01,11.92,11.99,21707.609,0
20170306,11.8,12.06,11.8,11.95,37325.409,0
20170303,11.84,11.95,11.7,11.83,48376.246,0
20170302,12.45,12.45,11.93,11.95,58987.96,0
20170301,11.84,12.6,11.82,12.12,102029.11,0
20170228,11.84,11.88,11.75,11.87,24269.63,0
20170227,11.88,11.88,11.73,11.85,30417.063,0
20170224,11.88,11.89,11.66,11.86,25766.753,0
20170223,11.93,11.98,11.77,11.81,34288.152,0
20170222,11.85,11.97,11.79,11.93,47469.693,0
20170221,11.81,11.88,11.78,11.85,29856.353,0
20170220,11.69,11.84,11.62,11.81,31818.15,0
20170217,11.77,11.89,11.67,11.69,26717.489,0
20170216,11.75,11.99,11.67,11.84,25058.58,0
20170215,12.0,12.0,11.75,11.79,38684.954,0
20170214,12.14,12.16,11.8,11.91,47780.846,0
20170213,12.02,12.17,11.93,12.09,56166.934,0
20170210,12.14,12.23,11.99,12.05,68815.078,0
20170209,12.35,12.7,12.17,12.34,113994.729,0.8697173838391186
20170208,11.33,12.46,11.25,12.06,86923.419,0
20170207,11.33,11.42,11.3,11.33,16987.826,0
20170206,11.27,11.36,11.23,11.34,29725.582,0
20170203,11.32,11.45,11.18,11.23,20734.246,0
20170126,11.23,11.36,11.23,11.32,21483.616,0
20170125,11.1,11.35,11.03,11.22,26469.61,0
20170124,11.3,11.3,11.07,11.1,35368.256,0
20170123,11.05,11.37,11.05,11.29,38699.977,0.8336546070121552
20170120,11.1,11.2,10.98,11.07,39478.739,0
20170119,10.76,11.49,10.6,11.13,43854.924,0
20170118,10.89,10.98,10.72,10.76,17582.601,0
20170117,10.87,11.06,10.55,10.89,27763.316,0
20170116,11.3,11.3,10.25,10.87,48256.423,0.5370495669980353
20170113,11.5,11.64,11.03,11.25,35996.23,0
20170112,11.68,11.76,11.54,11.56,19393.11,0
20170111,11.86,11.87,11.64,11.68,22136.808,0
20170110,11.85,11.9,11.78,11.81,17943.032,0
20170109,11.8,11.85,11.68,11.82,28203.535,0
20170106,11.91,11.92,11.8,11.81,21257.285,0
20170105,11.99,12.04,11.89,11.91,26503.477,0
20170104,11.87,12.01,11.75,11.98,34430.887,0
20170103,11.69,11.88,11.61,11.87,38720.386,0
20161230,11.71,11.84,11.56,11.6,19605.051,0.9950547536867305
20161229,11.87,11.92,11.73,11.74,18716.937,0.27788486900405174
20161228,11.76,11.95,11.71,11.88,28158.065,0
20161227,11.73,11.88,11.64,11.75,20113.199,0.27185541124785667
20161226,11.97,11.97,11.45,11.76,34536.284,0
20161223,11.79,11.99,11.79,11.94,19758.43,0
20161222,11.92,12.01,11.8,11.9,22914.65,0
20161221,11.84,11.97,11.84,11.92,23629.321,0
20161220,11.8,11.98,11.7,11.84,22766.561,0
20161219,11.69,11.93,11.6,11.84,25712.741,0
20161216,11.63,11.78,11.51,11.76,23001.991,0
20161215,11.34,11.73,11.3,11.62,35690.707,0
20161214,11.53,11.59,11.31,11.35,29207.377,0.7682999667287844
20161213,11.34,11.59,11.34,11.52,32463.545,0
20161212,12.15,12.24,11.25,11.34,51944.939,0
20161209,12.24,12.33,12.2,12.22,25656.095,0
20161208,12.39,12.39,12.24,12.25,26282.192,0
20161207,12.32,12.36,12.23,12.34,26483.138,0
20161206,12.28,12.34,12.2,12.28,23361.484,0
20161205,12.3,12.36,12.16,12.26,26412.664,0
20161202,12.47,12.52,12.21,12.3,46852.972,0
20161201,12.55,12.63,12.47,12.52,39317.331,0
20161130,12.85,12.87,12.36,12.49,79476.959,0.17901652233267842
20161129,12.84,12.93,12.8,12.87,49093.061,0
20161128,12.99,13.05,12.87,12.93,33647.607,0
20161125,12.95,13.01,12.8,12.95,40712.48,0
20161124,13.04,13.09,12.92,12.99,47985.714,0
20161123,13.0,13.16,12.96,13.04,67277.327,0
20161122,13.02,13.13,12.98,13.02,52080.424,0
20161121,13.09,13.24,12.96,13.08,68827.757,0
20161118,13.02,13.26,12.87,13.05,122253.859,0
20161117,12.93,13.07,12.88,12.99,76905.301,0.5370495669980353
20161116,12.83,12.94,12.8,12.93,59370.569,0
20161115,12.86,12.87,12.73,12.83,46289.297,0
20161114,12.87,12.87,12.75,12.84,53334.063,0
20161111,12.75,12.95,12.73,12.83,69518.308,0
20161110,12.73,12.83,12.7,12.75,46654.716,0
20161109,12.95,12.98,12.54,12.65,69339.309,0
20161108,12.92,13.02,12.91,12.93,41024.314,0
20161107,13.05,13.19,12.9,12.91,54182.685,0
20161104,12.81,12.98,12.77,12.95,58071.123,0
20161103,12.7,12.88,12.7,12.85,47565.501,0
20161102,12.78,12.91,12.68,12.7,44878.618,0
20161101,12.76,12.79,12.62,12.79,29938.17,0
20161031,12.72,12.8,12.62,12.75,28683.376,0
20161028,12.9,12.96,12.7,12.71,47075.517,0
20161027,13.0,13.1,12.88,12.91,43740.023,0
20161026,13.0,13.17,12.9,12.99,80799.718,0
20161025,12.96,12.96,12.79,12.94,49021.66,0
20161024,12.88,13.0,12.77,12.95,57209.893,0
20161021,12.93,12.94,12.69,12.87,40159.518,0
20161020,12.9,12.98,12.8,12.83,39212.178,0
20161019,13.05,13.08,12.85,12.87,54717.177,0
20161018,12.62,13.08,12.62,13.07,90405.846,0
20161017,12.76,12.85,12.65,12.67,48356.965,0
20161014,12.82,12.85,12.68,12.7,29007.638,0
20161013,12.99,12.99,12.7,12.74,52762.166,0.17901652233267842
20161012,13.0,13.2,12.85,12.87,72011.561,0
20161011,12.79,12.88,12.69,12.82,47662.809,0
20161010,12.64,12.82,12.53,12.77,53831.431,0
20160930,12.6,12.66,12.48,12.51,26949.786,0.6859246638965836
20160929,12.41,12.73,12.41,12.61,41227.514,0
20160928,12.57,12.57,12.31,12.43,25573.193,0
20160927,12.35,12.59,12.21,12.48,28456.267,0
20160926,12.4,12.5,12.29,12.36,37295.797,0
20160923,12.56,12.64,12.36,12.38,32975.155,0
20160922,12.72,12.72,12.5,12.51,32323.891,0
20160921,12.49,12.62,12.49,12.51,39281.415,0
20160920,12.34,12.5,12.34,12.47,41830.679,0
20160919,12.23,12.36,12.23,12.33,29908.806,0
20160914,12.3,12.35,12.09,12.21,32839.82,0
20160913,12.3,12.5,12.21,12.3,45879.529,0
20160912,12.8,12.83,12.26,12.28,73360.66,0
20160909,13.12,13.13,12.93,12.97,36891.658,0
20160908,13.13,13.23,13.03,13.12,46280.783,0
20160907,13.2,13.25,13.07,13.12,44431.877,0
20160906,12.98,13.13,12.91,13.11,37676.706,0
20160905,12.93,13.09,12.9,12.98,40818.4,0
20160902,12.97,13.07,12.78,12.93,51785.134,-0.3801811061729289
20160901,13.15,13.19,13.04,13.06,35105.596,0
20160831,13.18,13.26,13.04,13.16,44320.677,-0.3801811061729289
20160830,13.4,13.46,13.13,13.19,51460.899,0
20160829,13.14,13.26,13.02,13.2,44733.628,0
20160826,13.22,13.3,13.0,13.08,63297.76,0
20160825,13.25,13.28,12.99,13.13,60237.224,0
20160824,13.38,13.49,13.22,13.25,63753.778,0
20160823,13.56,13.58,13.33,13.43,51151.349,0
20160822,13.6,13.95,13.44,13.46,145719.151,0
20160819,13.48,13.58,13.36,13.46,71154.748,0
20160818,13.52,13.65,13.38,13.39,77808.681,0
20160817,13.36,13.6,13.3,13.58,118697.353,0
20160816,13.3,13.37,13.21,13.3,76458.223,0
20160815,13.18,13.37,13.08,13.3,88245.771,0
20160812,12.93,13.13,12.88,13.07,44390.459,0
20160811,13.02,13.16,12.88,12.91,56264.436,0
20160810,13.4,13.4,13.08,13.09,66591.698,0
20160809,13.2,13.32,13.12,13.27,77469.257,0
20160808,13.28,13.28,13.0,13.22,66982.798,0
20160805,13.22,13.39,13.18,13.34,77878.633,0
20160804,13.14,13.33,12.98,13.29,64628.447,0
20160803,13.06,13.22,13.0,13.17,60373.237,0
20160802,12.96,13.18,12.96,13.06,50646.815,0
20160801,13.13,13.32,12.8,12.96,59542.684,0
20160729,13.15,13.48,13.13,13.33,92877.903,0
20160728,13.23,13.37,12.8,13.09,110077.005,0
20160727,14.21,14.26,13.01,13.25,194764.054,0
20160726,14.08,14.17,14.02,14.14,91516.894,0
20160725,14.2,14.31,14.0,14.07,106966.554,0
20160722,14.34,14.47,14.14,14.24,106788.448,0
20160721,14.22,14.45,14.04,14.36,155982.333,0
20160720,14.25,14.44,14.07,14.15,166085.651,0
20160719,14.68,14.89,14.31,14.44,205508.83,0
20160718,14.35,14.78,14.28,14.51,311113.259,0
20160715,14.45,14.48,14.0,14.18,301065.733,0.9998645517007605
20160714,14.6,15.35,14.48,14.51,617612.399,0
20160713,13.45,14.42,13.37,14.42,153482.913,0
20160712,13.06,13.16,12.82,13.11,107901.889,0
20160711,13.4,13.49,13.07,13.13,114858.623,0
20160708,13.26,13.42,13.09,13.34,114648.249,0
20160707,13.28,13.34,13.02,13.31,113673.629,0
20160706,13.25,13.29,13.0,13.23,111851.159,0
20160705,13.45,13.48,13.23,13.27,108921.735,0
20160704,13.03,13.37,13.03,13.34,147491.991,0
20160701,12.85,13.24,12.85,13.18,125094.932,0
20160630,13.13,13.23,12.82,12.9,88050.905,0
20160629,13.0,13.36,12.93,13.12,137251.328,0
20160628,12.85,12.98,12.71,12.94,98645.606,0
20160627,12.75,13.05,12.54,12.99,134731.014,0
20160624,13.36,13.45,12.49,12.8,160625.398,0
20160623,13.2,13.45,13.1,13.27,144901.555,0
20160622,13.13,13.19,12.85,13.18,103904.996,0
20160621,12.95,13.5,12.9,13.15,196990.286,0
20160620,12.89,12.99,12.6,12.82,84425.289,0
20160617,13.0,13.28,12.68,12.94,136518.555,0
20160616,13.28,13.54,13.01,13.04,165129.21,0
20160615,12.73,13.54,12.69,13.44,237960.677,0
20160614,13.31,13.46,12.5,13.05,229385.506,0
20160613,13.55,13.9,13.15,13.58,454542.696,0.6825954010669164
20160608,12.64,12.64,12.64,12.64,13529.3,0.31931490656143047
20160527,11.59,11.62,11.45,11.49,57028.467,0
20160526,11.67,11.82,11.2,11.61,69363.691,0
20160525,11.85,12.04,11.7,11.71,53105.287,0
20160524,12.02,12.15,11.76,11.84,60037.507,0
20160523,11.85,12.1,11.77,11.99,61742.858,0
20160520,11.76,11.86,11.39,11.85,82205.45,0
20160519,11.84,12.08,11.82,11.9,76927.419,0
20160518,12.01,12.58,11.78,12.04,135189.66,0
20160517,11.76,12.15,11.62,11.88,75800.873,0
20160516,11.5,11.77,11.38,11.75,56213.146,0
20160513,11.38,11.5,11.28,11.35,41246.449,0
20160512,11.47,11.55,11.03,11.4,60462.319,0
20160511,12.08,12.09,11.75,11.77,61531.713,0
20160510,11.9,12.05,11.86,11.94,62246.117,0.9468060128462683
20160509,12.5,12.5,11.9,11.96,104977.724,0
20160506,13.34,13.46,12.63,12.66,151810.084,0
20160505,13.3,13.49,13.22,13.38,79513.502,0
20160504,13.41,13.56,13.21,13.26,120669.212,0
20160503,13.05,13.48,12.9,13.46,122551.636,0
20160429,12.92,13.14,12.7,13.03,102656.227,0
20160428,12.9,12.98,12.52,12.88,72449.788,0
20160427,12.8,13.05,12.65,12.85,83543.896,0
20160426,12.8,12.94,12.5,12.82,100417.967,0
20160425,12.81,12.99,12.65,12.81,72495.108,0
20160422,12.7,13.1,12.5,13.04,91035.683,0
20160421,13.11,13.25,12.78,12.83,152611.292,0
20160420,14.35,14.46,12.92,13.09,290759.215,0
20160419,14.25,14.61,14.08,14.36,185461.32,0
20160418,14.3,14.3,14.01,14.18,153770.949,0
20160415,14.5,14.99,14.2,14.44,360783.687,0
20160414,13.75,14.78,13.52,14.52,430936.639,0
20160413,13.56,13.84,13.38,13.65,177012.19,0
20160412,13.55,13.55,13.13,13.35,90059.724,0
20160411,13.3,13.75,13.3,13.56,106125.183,0
20160408,13.45,13.45,12.98,13.18,158414.606,0
20160407,14.14,14.17,13.52,13.54,161383.37,0
20160406,14.15,14.26,13.82,14.05,194631.863,0
20160405,13.78,14.15,13.55,14.12,200574.947,0
20160401,13.83,13.94,13.25,13.59,138391.434,0
20160331,13.78,14.04,13.57,13.83,209074.187,0
20160330,13.41,13.68,13.26,13.6,155348.802,0
20160329,13.81,13.91,13.03,13.16,179998.886,0
20160328,14.55,14.64,13.77,13.82,195838.594,0
20160325,14.01,14.46,13.88,14.25,187759.983,0.7802632874054567
20160324,14.49,14.8,14.11,14.15,318137.508,0
20160323,14.2,15.1,14.11,14.84,476659.551,0
20160322,14.7,15.08,14.43,14.44,392002.945,0
20160321,14.95,15.12,14.42,14.9,483644.954,0
20160318,14.28,14.86,14.07,14.65,454586.878,0
20160317,13.8,14.33,13.62,14.21,407407.901,0
20160316,13.9,13.97,13.25,13.6,317956.144,0
20160315,13.26,14.45,13.16,13.93,438038.47,0.9731781896529008
20160314,12.85,13.56,12.81,13.22,257579.693,0
20160311,12.43,12.84,12.3,12.64,176942.25,0
20160310,12.77,13.34,12.51,12.94,233654.258,0
20160309,12.7,13.35,12.38,12.77,205619.816,0
20160308,13.0,13.24,12.18,13.12,238158.873,0
20160307,12.62,13.5,12.62,13.11,233526.74,0
20160304,13.01,13.51,12.17,12.57,333207.667,0
20160303,13.14,14.56,13.03,13.49,467158.418,0
20160302,12.4,13.46,12.39,13.24,318692.955,0
20160301,12.03,12.88,11.8,12.61,281131.074,0
20160229,13.4,13.44,12.06,12.06,259862.535,0
20160226,14.05,14.2,13.14,13.4,387595.225,0
20160225,15.81,15.88,14.44,14.44,367717.148,0
20160224,15.5,16.19,15.27,16.04,497074.286,0.8446276311855704
20160223,15.61,15.87,15.06,15.73,512273.715,0
20160222,15.73,16.39,15.4,15.95,621828.319,0
20160219,15.6,16.14,15.4,15.54,532689.738,0
20160218,16.06,16.58,15.83,15.98,718508.964,0.5370495669980353
20160217,16.45,17.08,15.81,16.27,1059398.236,0
20160216,14.48,15.53,14.31,15.53,404922.334,0
20160215,13.06,14.12,12.88,14.12,442092.94,0
20160205,11.99,12.84,11.93,12.84,111945.609,0.14129938705464073
20160204,11.64,11.95,11.51,11.67,137198.845,0
20160203,11.46,11.65,11.18,11.51,124545.273,0
20160202,11.4,11.9,11.4,11.7,139624.963,0
20160201,11.6,11.82,11.1,11.38,132575.343,0
20160129,11.3,11.94,11.3,11.65,203539.272,0
20160128,11.32,11.5,10.81,11.15,167488.022,0
20160127,10.81,11.65,10.12,11.56,225219.456,0
20160126,11.78,11.87,10.73,10.73,171963.156,0
20160125,11.84,12.15,11.55,11.92,133608.72,0
20160122,11.57,12.0,11.0,11.84,170361.294,0
20160121,11.92,12.17,11.17,11.22,217412.253,0
20160120,11.97,12.68,11.9,12.26,371473.319,0
20160119,10.89,11.99,10.8,11.99,235509.476,0
20160118,10.31,11.19,10.2,10.9,168534.593,0
20160115,11.45,11.6,10.5,10.6,199457.176,0
20160114,10.48,11.71,10.31,11.67,203608.565,0
20160113,11.95,12.17,10.92,10.99,209289.471,0
20160112,11.9,12.11,11.21,11.98,220787.933,0
20160111,13.28,13.83,12.04,12.04,259155.433,0
20160108,14.01,14.28,12.55,13.38,265307.984,0
20160107,14.95,14.95,13.79,13.79,84343.928,0
20160106,15.01,15.6,14.56,15.32,343319.886,0
20160105,14.6,15.49,13.99,14.87,414373.985,0
20160104,16.32,17.28,15.1,15.18,262300.854,0
20151231,17.4,17.46,16.68,16.72,353824.93,0
20151230,17.5,17.87,17.1,17.42,390250.976,0
20151229,18.58,18.94,17.3,17.6,575194.181,0
20151228,18.16,19.58,18.1,18.31,823321.491,0
20151225,20.27,20.58,18.42,18.51,1366749.511,0
20151224,17.17,19.6,17.17,19.6,1365379.648,0
20151223,16.0,17.82,14.91,17.82,862464.368,0
20151222,17.89,17.89,16.13,16.2,953264.112,0
20151221,17.92,17.92,16.66,17.92,860384.867,0
20150601,15.51,16.6,14.95,16.29,364986.048,0
20150529,15.78,16.3,14.41,15.4,383359.707,0
20150528,17.25,17.79,15.87,15.87,613643.244,0
20150527,16.5,17.63,15.6,17.63,774784.569,0
20150526,14.6,16.03,14.33,16.03,608863.542,0
20150525,14.4,14.69,14.11,14.57,424336.719,0
20150522,14.69,14.9,14.03,14.41,409531.464,0
20150521,14.11,14.56,13.94,14.41,375368.79,0
20150520,14.0,14.58,13.74,14.1,424411.552,0
20150519,13.39,14.1,13.0,13.93,334493.705,0
20150518,13.62,14.19,13.5,13.53,387927.405,0
20150515,13.67,13.67,13.1,13.43,317007.448,0
20150514,12.8,13.78,12.8,13.76,447750.306,0
20150513,12.85,13.18,12.57,12.89,236639.307,0
20150512,12.68,13.2,12.45,12.99,237162.663,0
20150511,12.28,12.63,12.15,12.59,172789.904,0
20150508,11.82,12.19,11.72,12.17,138859.375,0
20150507,12.0,12.14,11.57,11.63,109216.654,0
20150506,12.16,12.51,11.88,12.08,119692.271,0
20150505,13.16,13.16,12.1,12.14,199908.059,0
20150504,12.98,13.16,12.75,13.03,192123.11,0
20150430,13.24,13.54,13.02,13.09,208840.389,0
20150429,12.98,13.36,12.73,13.25,248422.023,0
20150428,13.98,13.98,12.99,13.25,411377.907,0
20150427,13.55,14.47,13.38,14.18,623641.152,0
20150424,12.57,13.87,12.47,13.64,605291.884,0
20150423,12.46,12.98,12.4,12.68,336943.254,0
20150422,12.02,12.44,12.02,12.37,253781.839,0
20150421,11.65,12.14,11.57,12.02,189791.931,0
20150420,12.2,12.25,11.63,11.68,235464.112,0
20150417,12.22,12.38,12.0,12.28,248341.491,0
20150416,12.0,12.42,11.5,12.17,274420.846,0
20150415,13.16,13.43,12.35,12.4,402020.154,0
20150414,12.83,13.16,12.65,13.09,386372.654,0
20150413,12.74,13.02,12.56,12.83,361940.654,0
20150410,12.8,12.95,12.41,12.81,421134.504,0
20150409,12.3,13.5,12.08,13.14,705069.321,0
20150408,12.75,12.77,12.12,12.27,298983.036,0
20150407,12.47,12.7,12.35,12.68,416539.409,0
20150403,12.27,12.53,12.12,12.43,352034.178,0
20150402,12.3,12.45,12.1,12.37,331668.695,0
20150401,12.19,12.3,12.0,12.27,288046.932,0
20150331,12.3,12.31,11.9,12.19,307002.875,0
20150330,12.29,12.44,11.98,12.13,479679.839,0
20150327,12.5,13.0,12.12,12.57,444234.683,0
20150326,12.81,12.81,12.16,12.2,362701.643,0
20150325,12.73,13.3,12.38,12.92,457534.022,0
20150324,13.19,13.19,12.3,12.87,583948.085,0
20150323,12.52,13.54,12.2,13.36,637094.094,0
20150320,12.37,12.68,12.08,12.46,549675.364,0
20150319,11.76,12.36,11.76,12.32,511331.782,0
20150318,11.55,12.5,11.5,11.99,631956.785,0
20150317,11.37,11.96,11.25,11.71,734900.79,0
20150316,10.12,10.91,10.02,10.91,275939.81,0
20150313,9.74,9.96,9.64,9.92,159582.518,0
20150312,9.54,9.93,9.51,9.66,154216.074,0
20150311,10.1,10.3,9.71,9.73,306495.734,0
20150310,9.55,9.77,9.44,9.64,155539.79,0
20150309,9.25,9.64,9.12,9.54,135906.529,0
20150306,9.46,9.53,9.17,9.18,116452.037,0
20150305,9.55,9.67,9.41,9.46,116774.051,0
20150304,9.48,9.55,9.35,9.5,147162.649,0
20150303,9.4,9.76,9.3,9.42,319878.422,0
20150302,8.92,9.46,8.85,9.44,256411.176,0
20150227,8.86,8.95,8.78,8.92,92212.246,0
20150226,8.69,8.94,8.69,8.87,102826.103,0
20150225,8.76,8.84,8.68,8.72,87900.756,0
20150217,8.68,8.77,8.61,8.72,89713.265,0
20150216,8.52,8.65,8.51,8.6,54497.721,0
20150213,8.48,8.59,8.43,8.54,56452.425,0
20150212,8.4,8.52,8.35,8.42,39421.714,0
20150211,8.27,8.43,8.21,8.4,30124.979,0
20150210,8.11,8.24,8.05,8.21,21499.552,0
20150209,8.19,8.27,8.09,8.11,35421.946,0
20150206,8.4,8.45,8.27,8.29,31264.616,0
20150205,8.55,8.55,8.4,8.42,44727.258,0
20150204,8.68,8.69,8.45,8.45,63249.317,0
20150203,8.51,8.72,8.47,8.67,67379.064,0
20150202,8.38,8.56,8.32,8.5,44074.38,0
20150130,8.58,8.74,8.47,8.49,73762.335,0
20150129,8.36,8.94,8.36,8.58,136032.554,0
20150128,8.48,8.68,8.43,8.52,62089.822,0
20150127,8.47,8.59,8.37,8.56,77834.716,0
20150126,8.33,8.47,8.31,8.47,57288.485,0
20150123,8.3,8.6,8.3,8.39,103696.371,0
20150122,8.2,8.34,8.12,8.32,63000.123,0
20150121,8.02,8.19,7.97,8.18,53419.954,0
20150120,7.79,7.95,7.79,7.94,46809.77,0
20150119,8.19,8.19,7.53,7.78,66094.503,0
20150116,8.41,8.44,8.31,8.34,39418.225,0
20150115,8.3,8.36,8.29,8.32,34604.744,0
20150114,8.37,8.39,8.27,8.29,30362.936,0
20150113,8.32,8.44,8.25,8.4,55434.043,0
20150112,8.27,8.47,8.26,8.36,73857.663,0
20150109,8.27,8.4,8.23,8.26,45773.141,0
20150108,8.3,8.38,8.25,8.29,42983.011,0
20150107,8.38,8.4,8.24,8.32,53171.214,0
20150106,8.2,8.49,8.09,8.37,72715.982,0
20150105,8.11,8.24,7.98,8.22,57158.121,0
20141231,7.98,8.11,7.98,8.1,31229.919,0
20141230,8.22,8.29,7.96,7.98,44385.624,0
20141229,8.3,8.34,8.15,8.21,76268.316,0
20141226,8.06,8.69,8.03,8.44,118734.835,0
20141225,8.09,8.17,8.0,8.06,49145.297,0
20141224,7.88,8.1,7.82,8.08,51755.788,0
20141223,8.15,8.2,7.83,7.84,46229.905,0
20141222,8.68,8.75,7.79,8.17,121531.061,0
20141219,8.75,8.92,8.56,8.66,63502.018,0
20141218,8.76,8.9,8.69,8.75,58519.593,0
20141217,8.99,9.01,8.61,8.75,82573.53,0
20141216,9.08,9.1,8.95,8.99,64403.04,0
20141215,9.02,9.15,8.9,9.08,72829.807,0
20141212,8.96,9.07,8.9,9.01,66607.965,0
20141211,8.84,9.07,8.74,9.06,105671.794,0
20141210,8.57,8.85,8.5,8.83,88194.522,0
20141209,8.93,9.12,8.66,8.69,141949.969,0
20141208,8.9,9.1,8.83,8.93,135849.836,0
20141205,9.68,9.68,8.97,9.0,227351.853,0
20141204,9.57,9.73,9.5,9.69,187368.182,0
20141203,9.5,9.75,9.45,9.55,164591.429,0
20141202,9.48,9.54,9.41,9.47,100895.322,0
20141201,9.4,9.52,9.28,9.48,118496.405,0
20141128,9.65,9.7,9.38,9.4,188533.919,0
20141127,9.75,9.99,9.61,9.72,180831.833,0
20141126,9.75,9.84,9.56,9.71,180884.916,0
20141125,9.85,10.18,9.79,9.81,327084.247,0
20141124,9.64,9.94,9.46,9.84,253964.76,0
20141121,9.65,9.71,9.43,9.54,142262.098,0
20141120,9.79,9.79,9.53,9.64,181539.162,0
20141119,9.37,9.87,9.21,9.82,314016.538,0
20141118,9.38,9.71,9.34,9.43,239998.224,0
20141117,9.1,9.78,8.98,9.5,287715.202,0
20141114,9.21,9.28,9.0,9.06,94150.825,0
20141113,9.15,9.37,9.11,9.29,190661.655,0
20141112,8.99,9.16,8.86,9.15,87540.07,0
20141111,9.0,9.13,8.85,9.0,101463.136,0
20141110,8.97,9.02,8.88,9.0,55291.394,0
20141107,9.14,9.21,8.82,8.97,103692.447,0
20141106,9.24,9.24,9.03,9.14,90492.354,0
20141105,9.19,9.42,9.16,9.26,164166.932,0
20141104,9.35,9.36,9.11,9.19,111005.001,0
20141103,9.09,9.44,9.02,9.37,217199.561,0
20141031,9.17,9.26,9.05,9.09,102790.609,0
20141030,9.13,9.31,9.05,9.17,126878.904,0
20141029,9.1,9.25,8.96,9.14,141767.862,0
20141028,8.89,9.14,8.87,9.1,100432.297,0
20141027,8.82,8.99,8.75,8.98,90250.896,0
20141024,8.67,8.77,8.64,8.74,42489.561,0
20141023,8.67,8.74,8.55,8.67,62128.538,0
20141022,8.71,8.83,8.66,8.67,45725.327,0
20141021,8.83,8.95,8.71,8.74,60412.242,0
20141020,8.75,8.9,8.73,8.89,60001.927,0
20141017,9.01,9.07,8.61,8.74,100735.284,0
20141016,9.03,9.23,8.97,9.06,105665.652,0
20141015,9.05,9.12,8.94,9.06,62612.58,0
20141014,9.06,9.16,9.01,9.09,81563.917,0
20141013,9.12,9.12,8.93,9.05,92405.15,0
20141010,9.25,9.28,9.09,9.15,106449.518,0
20141009,9.4,9.46,9.2,9.31,171531.031,0
20141008,9.19,9.55,9.13,9.48,225953.14,0
20140930,9.35,9.39,9.0,9.13,192367.026,0
20140929,9.45,9.53,9.31,9.35,162037.442,0
20140926,9.22,9.43,9.1,9.41,220402.152,0
20140925,9.26,9.55,9.18,9.26,243671.412,0
20140924,9.25,9.43,9.14,9.32,227430.963,0
20140923,8.88,9.31,8.88,9.15,157234.672,0
20140922,9.05,9.23,8.93,8.94,146047.025,0
20140919,8.88,9.33,8.8,9.18,223634.534,0
20140918,8.88,8.96,8.75,8.9,114812.567,0
20140917,8.75,9.03,8.61,8.86,152536.148,0
20140916,9.26,9.37,8.68,8.78,235176.875,0
20140915,9.23,9.33,9.1,9.2,146599.705,0
20140912,9.11,9.3,8.98,9.27,268932.51,0
20140911,9.4,9.87,9.22,9.25,507497.919,0
20140910,8.88,9.7,8.78,9.36,422328.444,0
20140909,8.78,8.98,8.7,8.88,204699.984,0
20140905,8.75,9.07,8.73,8.86,344114.488,0
20140904,8.78,8.94,8.63,8.83,417790.339,0
20140903,8.14,8.95,8.12,8.95,610534.809,0
20140902,8.08,8.15,8.04,8.14,69753.058,0
20140901,7.92,8.05,7.92,8.05,46248.622,0
20140829,7.85,7.92,7.83,7.92,29863.911,0
20140828,8.02,8.05,7.83,7.86,58492.73,0
20140827,7.95,8.07,7.9,8.02,53428.362,0
20140826,8.25,8.3,7.96,7.97,113604.857,0
20140825,8.37,8.48,8.29,8.3,74803.847,0
20140822,8.31,8.51,8.27,8.46,106688.519,0
20140821,8.39,8.46,8.23,8.37,97043.372,0
20140820,8.52,8.52,8.35,8.4,148006.424,0
20140819,8.28,8.54,8.22,8.51,254604.768,0
20140818,8.25,8.42,8.21,8.27,114269.886,0
20140815,8.12,8.26,8.09,8.23,137672.253,0
20140814,8.08,8.22,8.06,8.12,150390.149,0
20140813,8.07,8.15,7.95,8.11,107082.446,0
20140812,8.08,8.18,8.07,8.08,84599.061,0
20140811,7.98,8.1,7.96,8.08,69257.733,0
20140808,8.01,8.06,7.92,7.95,68368.654,0
20140807,8.15,8.24,7.96,8.02,99988.656,0
20140806,8.13,8.26,8.08,8.16,91022.811,0
20140805,8.1,8.32,7.98,8.19,156811.379,0
20140804,8.0,8.1,7.94,8.1,93926.294,0
20140801,8.17,8.24,8.0,8.01,158604.256,0
20140731,7.95,8.23,7.92,8.22,203916.796,0
20140730,7.98,8.02,7.88,7.95,96228.073,0
20140729,7.9,8.09,7.82,8.03,189387.67,0
20140728,7.85,7.94,7.71,7.88,151154.094,0
20140725,7.58,7.98,7.54,7.84,145461.361,0
20140724,7.74,7.81,7.58,7.61,88373.347,0
20140723,7.76,7.85,7.7,7.78,74739.965,0
20140722,7.74,7.78,7.64,7.74,83301.992,0
20140721,7.83,7.98,7.76,7.79,111761.978,0
20140718,7.64,7.89,7.56,7.8,84073.463,0
20140717,7.75,7.75,7.58,7.64,43734.373,0
20140716,7.66,7.8,7.62,7.78,85065.691,0
20140715,7.66,7.7,7.6,7.66,43933.424,0
20140714,7.61,7.69,7.53,7.65,51566.074,0
20140711,7.51,7.66,7.51,7.61,33065.581,0
20140710,7.47,7.62,7.46,7.59,41629.539,0
20140709,7.79,7.79,7.5,7.51,79363.488,0
20140708,7.8,7.86,7.72,7.81,55957.511,0
20140707,7.69,7.84,7.67,7.81,72998.355,0
20140704,7.73,7.81,7.64,7.69,69433.753,0
20140703,7.8,7.95,7.68,7.73,165197.053,0
20140702,7.59,7.94,7.55,7.82,156429.434,0
20140701,7.51,7.67,7.49,7.6,64329.172,0
20140630,7.54,7.59,7.46,7.51,57463.456,0
20140627,7.41,7.63,7.37,7.55,82188.969,0
20140626,7.32,7.51,7.29,7.45,57052.999,0
20140625,7.43,7.43,7.28,7.33,34780.058,0
20140624,7.34,7.43,7.27,7.42,43440.886,0
20140623,7.34,7.41,7.26,7.31,38660.653,0
20140620,7.31,7.44,7.21,7.32,41235.542,0
20140619,7.45,7.55,7.33,7.38,74240.716,0
20140618,7.51,7.56,7.4,7.42,56976.214,0
20140617,7.54,7.64,7.49,7.53,96456.03,0
20140616,7.24,7.83,7.23,7.64,206165.058,0
20140613,7.16,7.33,7.12,7.24,49964.656,0
20140612,7.18,7.24,7.12,7.15,28974.642,0
20140611,7.21,7.24,7.14,7.2,30720.501,0
20140610,7.13,7.26,7.11,7.21,26305.007,0
20140609,7.14,7.2,7.09,7.13,21331.908,0
20140606,7.24,7.26,7.13,7.14,24346.979,0
20140605,7.18,7.25,7.14,7.24,18524.441,0
20140604,7.24,7.25,7.11,7.17,25158.716,0
20140603,7.28,7.35,7.21,7.24,29411.314,0
20140530,7.28,7.32,7.18,7.24,40629.627,0
20140529,7.48,7.52,7.28,7.28,41897.471,0
20140528,7.44,7.48,7.36,7.47,40287.195,0
20140527,7.43,7.48,7.38,7.44,32148.331,0
20140526,7.33,7.56,7.29,7.47,56589.215,0
20140523,7.26,7.33,7.19,7.32,34858.364,0
20140522,7.35,7.41,7.28,7.29,27256.787,0
20140521,7.28,7.35,7.2,7.34,27768.105,0
20140520,7.31,7.43,7.27,7.32,24560.38,0
20140519,7.29,7.48,7.17,7.28,37534.019,0
20140516,7.26,7.34,7.17,7.3,30986.215,0
20140515,7.49,7.5,7.22,7.29,46297.094,0
20140514,7.57,7.65,7.43,7.48,54362.691,0
20140513,7.44,7.69,7.43,7.56,79315.023,0
20140512,7.35,7.49,7.32,7.47,62052.514,0
20140509,7.21,7.37,7.18,7.29,48624.129,0
20140508,7.1,7.29,7.07,7.2,39511.821,0
20140507,7.26,7.34,7.1,7.1,38084.568,0
20140506,7.28,7.4,7.24,7.31,48581.214,0
20140505,7.2,7.3,7.15,7.3,29479.968,0
20140430,7.2,7.26,7.12,7.22,35364.584,0
20140429,6.98,7.2,6.97,7.16,56598.434,0
20140428,7.35,7.37,6.9,6.92,61926.981,0
20140425,7.5,7.56,7.36,7.38,41190.215,0
20140424,7.54,7.59,7.45,7.47,47811.8,0
20140423,7.62,7.69,7.48,7.55,56896.251,0
20140422,7.84,7.88,7.53,7.64,90381.386,0
20140421,7.95,8.05,7.83,7.83,72794.068,0
20140418,7.93,8.02,7.91,8.0,53568.161,0
20140417,8.1,8.11,7.94,7.95,77827.271,0
20140416,8.1,8.14,7.92,8.1,99397.304,0
20140415,8.05,8.18,8.01,8.08,152451.431,0
20140414,7.88,8.07,7.88,8.05,119819.684,0
20140411,8.21,8.28,7.94,7.94,238978.459,0
20140410,8.39,8.42,8.28,8.29,222423.394,0
20140409,8.4,8.51,8.31,8.36,298183.501,0
20140408,8.7,8.7,8.26,8.46,419592.635,0
20140404,8.63,8.87,8.54,8.59,389017.46,0
20140403,8.74,8.84,8.52,8.69,326619.314,0
20140402,8.89,8.94,8.51,8.83,361396.864,0
20140401,8.54,9.28,8.2,9.14,581934.412,0
20140331,10.12,10.23,9.11,9.11,435198.901,0
20140328,10.43,10.43,10.02,10.12,522984.314,0
20140327,10.06,10.54,9.9,10.43,537688.549,0
20140326,10.32,10.38,10.11,10.17,258292.67,0
20140325,10.1,10.34,9.89,10.32,541361.759,0
20140324,10.02,10.37,9.72,10.24,393311.846,0
20140321,9.73,10.05,9.6,9.99,326726.655,0
20140320,9.61,10.2,9.52,9.89,396810.299,0
20140319,9.65,9.83,9.45,9.72,171920.137,0
20140318,9.39,9.85,9.34,9.77,303845.08,0
20140317,9.35,9.45,9.21,9.41,115790.604,0
20140314,9.17,9.41,9.07,9.3,194388.834,0
20140313,9.35,9.35,9.11,9.19,98065.469,0
20140312,9.25,9.4,9.13,9.26,163719.188,0
20140311,9.02,9.51,8.91,9.33,453917.069,0
20140310,9.02,9.18,8.75,9.13,137064.546,0
20140307,9.29,9.53,8.88,9.14,373778.868,0
20140306,9.19,9.46,9.07,9.26,333958.999,0
20140305,8.99,9.45,8.81,9.32,381586.849,0
20140304,9.18,9.2,8.91,9.02,156181.543,0
20140303,9.0,9.32,8.9,9.23,292686.999,0
20140228,9.17,9.36,8.85,9.18,268750.647,0
20140227,8.77,9.35,8.62,9.17,408778.897,0
20140226,8.94,9.15,8.26,8.92,287187.993,0
20140225,8.67,8.97,8.57,8.91,488398.366,0
20140224,8.63,8.9,8.41,8.75,226850.705,0
20140221,8.55,8.82,8.35,8.68,190355.919,0
20140220,8.59,8.99,8.29,8.69,481363.609,0
20140219,7.78,8.59,7.72,8.59,252363.72,0
20140218,7.52,7.95,7.52,7.81,154211.631,0
20140217,7.39,7.55,7.39,7.49,36183.748,0
20140214,7.32,7.5,7.32,7.41,31154.18,0
20140213,7.58,7.62,7.32,7.33,66095.937,0
20140212,7.43,7.68,7.27,7.63,88442.961,0
20140211,7.28,7.49,7.24,7.35,44675.813,0
20140210,7.05,7.27,7.02,7.25,32257.881,0
20140207,6.95,7.07,6.87,7.05,25135.005,0
20140130,7.19,7.27,7.09,7.1,15452.075,0
20140129,7.23,7.34,7.2,7.21,28248.151,0
20140128,7.14,7.33,7.13,7.29,35896.566,0
20140127,7.12,7.23,7.04,7.18,28294.656,0
20140124,7.02,7.19,7.02,7.14,26226.08,0
20140123,7.05,7.14,7.01,7.07,25117.393,0
20140122,6.87,7.14,6.85,7.06,35272.456,0
20140121,6.71,7.03,6.71,6.87,16656.908,0
20140120,6.92,7.0,6.7,6.72,16793.991,0
20140117,7.0,7.08,6.85,6.89,18625.056,0
20140116,7.04,7.15,6.99,7.02,26938.688,0
20140115,6.83,7.17,6.77,7.1,47150.704,0
20140114,6.7,6.83,6.69,6.83,18720.452,0
20140113,6.76,6.84,6.64,6.66,17244.664,0
20140110,6.97,6.98,6.7,6.72,24810.792,0
20140109,6.87,7.1,6.82,6.99,33832.453,0
20140108,7.1,7.16,6.81,6.87,40012.184,0
20140107,7.16,7.27,7.01,7.07,27348.065,0
20140106,7.6,7.6,7.1,7.18,47128.02,0
20140103,7.73,7.74,7.56,7.62,28860.271,0
20140102,7.66,7.77,7.62,7.74,30677.64,0
20131231,7.66,7.68,7.56,7.66,24251.351,0
20131230,7.66,7.71,7.62,7.64,25475.748,0
20131227,7.51,7.68,7.41,7.64,26590.124,0
20131226,7.84,7.84,7.43,7.51,33399.076,0
20131225,7.65,7.78,7.61,7.77,27278.124,0
20131224,7.6,7.75,7.56,7.66,35712.554,0
20131223,7.73,7.79,7.51,7.56,29481.215,0
20131220,7.86,7.91,7.67,7.73,38645.349,0
20131219,8.0,8.05,7.86,7.87,31749.524,0
20131218,7.96,8.07,7.92,7.96,26218.317,0
20131217,8.07,8.13,7.84,7.95,45242.313,0
20131216,8.29,8.37,8.06,8.07,46818.07,0
20131213,8.23,8.37,8.2,8.28,41912.367,0
20131212,8.25,8.33,8.21,8.23,45845.364,0
20131211,8.35,8.46,8.2,8.24,73474.627,0
20131210,8.5,8.5,8.32,8.4,70081.948,0
20131209,8.41,8.61,8.37,8.53,97794.154,0
20131206,8.75,8.75,8.3,8.41,178457.032,0
20131205,9.23,9.32,8.83,8.85,260298.852,0
20131204,9.3,9.38,9.17,9.31,390008.177,0
20131203,9.15,9.2,8.94,9.09,285411.2,0
20131202,9.2,9.25,8.8,9.1,443248.083,0
20131129,9.07,9.07,8.73,8.92,123642.026,0
20131128,8.83,9.14,8.8,8.93,196730.701,0
20131127,8.75,8.87,8.66,8.82,80203.87,0
20131126,8.73,8.82,8.62,8.8,75749.47,0
20131125,8.8,8.82,8.6,8.74,106799.014,0
20131122,9.0,9.05,8.68,8.79,140880.783,0
20131121,9.15,9.21,8.85,9.04,212305.343,0
20131120,9.07,9.35,8.77,9.18,462571.461,0
20131119,9.14,9.23,8.92,9.07,364427.962,0
20131118,8.68,9.23,8.65,9.1,374570.843,0
20131115,8.66,8.75,8.6,8.71,158659.668,0
20131114,8.35,8.66,8.25,8.65,157690.21,0
20131113,8.64,8.83,8.43,8.54,171179.004,0
20131112,8.69,8.69,8.45,8.62,98925.776,0
20131111,8.23,8.65,8.23,8.64,141020.79,0
20131108,8.2,8.34,8.1,8.24,109096.174,0
20131107,7.96,8.24,7.95,8.22,61215.895,0
20131106,8.1,8.3,7.98,8.05,85864.822,0
20131105,7.74,8.25,7.66,8.15,105764.104,0
20131104,7.59,7.76,7.56,7.73,29392.523,0
20131101,7.63,7.67,7.42,7.59,35017.215,0
20131031,7.63,7.81,7.52,7.65,50648.122,0
20131030,7.56,7.7,7.48,7.61,47276.343,0
20131029,7.8,7.87,7.21,7.56,71912.472,0
20131028,7.8,8.08,7.8,7.89,36767.624,0
20131025,8.15,8.2,7.69,7.8,71955.57,0
20131024,8.21,8.29,8.06,8.08,55878.986,0
20131023,8.5,8.53,8.15,8.21,132415.768,0
20131022,8.29,8.99,8.21,8.65,276491.171,0
20131021,8.26,8.44,8.04,8.3,110084.517,0
20131018,8.22,8.47,8.18,8.26,127961.278,0
20131017,7.73,8.46,7.71,8.46,172604.176,0
20131016,8.23,8.25,7.66,7.69,113326.938,0
20131015,8.43,8.43,8.15,8.27,90644.592,0
20131014,8.11,8.52,8.11,8.37,111879.912,0
20131011,8.33,8.47,8.28,8.33,89588.468,0
20131010,8.52,8.54,8.26,8.27,119929.549,0
20131009,8.26,8.65,8.22,8.6,169533.892,0
20131008,8.31,8.58,8.2,8.34,122489.663,0
20130930,8.24,8.38,8.0,8.3,121765.943,0
20130927,8.82,8.86,8.08,8.19,209911.363,0
20130926,9.47,9.63,8.92,8.98,216700.513,0
20130925,9.59,9.87,9.29,9.38,409055.773,0
20130924,9.02,9.44,8.76,9.37,341274.855,0
20130923,9.03,9.33,8.96,9.12,175666.769,0
20130918,9.17,9.4,8.8,9.1,216625.167,0
20130917,9.3,9.69,9.1,9.28,448465.705,0
20130916,8.67,9.2,8.66,9.15,258586.623,0
20130913,8.7,8.88,8.64,8.69,69945.138,0
20130912,8.7,8.9,8.55,8.77,123450.381,0
20130911,8.99,9.2,8.58,8.75,210203.391,0
20130910,9.03,9.25,8.75,9.07,229885.543,0
20130909,9.0,9.39,8.89,9.06,236666.438,0
20130906,8.83,9.12,8.72,9.03,207534.968,0
20130905,8.89,9.13,8.7,8.95,235331.082,0
20130904,9.5,9.9,9.1,9.26,562929.94,0
20130903,8.51,9.41,8.51,9.41,518280.709,0
20130902,8.87,9.03,8.21,8.55,180740.726,0
20130830,8.64,9.31,8.59,8.99,341547.253,0
20130829,8.55,9.04,8.44,8.74,264404.808,0
20130828,8.41,8.6,8.18,8.49,186931.057,0
20130827,8.17,8.6,8.09,8.51,226950.528,0
20130826,8.09,8.34,7.86,8.21,184695.342,0
20130823,7.85,8.02,7.7,7.99,110588.494,0
20130822,8.01,8.08,7.81,7.84,80330.213,0
20130821,7.97,8.17,7.75,8.1,114967.347,0
20130820,8.1,8.22,7.92,7.95,143846.109,0
20130819,8.05,8.17,7.78,8.16,187329.854,0
20130816,7.68,8.5,7.65,8.1,343893.642,0
20130815,7.53,7.85,7.51,7.73,160917.262,0
20130814,7.51,7.75,7.42,7.57,112817.479,0
20130813,7.49,7.6,7.45,7.53,66268.377,0
20130812,7.32,7.65,7.32,7.51,99470.479,0
20130809,7.44,7.5,7.26,7.35,70860.07,0
20130808,7.38,7.59,7.37,7.49,103530.607,0
20130807,7.3,7.78,7.22,7.51,167586.78,0
20130806,7.3,7.37,7.21,7.35,84828.424,0
20130805,7.27,7.38,7.2,7.34,75667.129,0
20130802,7.16,7.35,7.15,7.23,97834.414,0
20130801,6.85,7.33,6.85,7.18,98726.037,0
20130731,6.93,7.12,6.86,6.92,45504.476,0
20130730,6.99,7.12,6.71,6.92,56960.84,0
20130729,7.06,7.19,6.71,6.99,72821.632,0
20130726,7.11,7.3,7.0,7.15,56104.467,0
20130725,7.29,7.46,7.1,7.12,76618.561,0
20130724,7.22,7.49,7.2,7.29,91811.748,0
20130723,7.02,7.35,7.02,7.29,79471.93,0
20130722,6.9,7.07,6.76,7.02,46285.214,0
20130719,7.35,7.44,6.92,6.93,97252.355,0
20130718,7.39,7.68,7.38,7.45,127149.677,0
20130717,7.5,7.57,7.29,7.34,96815.189,0
20130716,7.37,7.58,7.25,7.5,85454.062,0
20130715,7.21,7.44,7.19,7.36,62449.338,0
20130712,7.28,7.59,7.21,7.23,111034.479,0
20130711,6.98,7.5,6.96,7.29,117112.472,0
20130710,6.81,7.08,6.71,7.04,65383.788,0
20130709,6.85,6.92,6.62,6.79,53579.476,0
20130708,7.2,7.22,6.86,6.9,89968.834,0
20130705,7.12,7.59,7.08,7.38,172662.852,0
20130704,7.06,7.3,6.93,7.06,103124.404,0
20130703,6.95,7.22,6.9,7.1,87848.193,0
20130702,6.89,7.14,6.85,7.02,70119.408,0
20130701,6.74,6.91,6.71,6.9,39645.764,0
20130628,6.93,7.16,6.63,6.81,55036.766,0
20130627,7.07,7.33,6.85,6.94,92255.34,0
20130626,7.02,7.09,6.78,7.01,87951.609,0
20130625,6.89,7.37,6.28,7.02,89088.561,0
20130624,7.75,7.75,6.98,6.98,70854.246,0
20130621,7.79,7.94,7.3,7.76,58464.211,0
20130620,8.19,8.48,8.0,8.02,68463.131,0
20130619,8.35,8.43,8.15,8.32,71721.468,0
20130618,8.25,8.72,8.22,8.46,149788.985,0
20130617,8.03,8.49,7.67,8.45,138482.91,0
20130614,8.0,8.12,7.9,8.02,53182.29,0
20130613,8.3,8.39,7.76,7.87,72308.781,0
20130607,8.9,9.14,8.5,8.61,82529.354,0
20130606,8.96,9.22,8.86,8.99,136575.385,0
20130605,8.77,8.98,8.68,8.97,67448.29,0
20130604,8.95,9.09,8.7,8.8,88130.108,0
20130603,9.02,9.23,8.98,9.01,81490.05,0
20130531,9.25,9.32,9.08,9.09,107331.707,0
20130530,9.43,9.43,9.16,9.27,138715.251,0
20130529,9.54,9.7,9.39,9.42,167670.75,0
20130528,9.35,9.74,9.19,9.55,216965.235,0
20130527,9.43,9.68,9.13,9.48,184547.489,0
20130524,9.44,9.71,9.4,9.42,144830.687,0
20130523,9.69,9.77,9.36,9.41,186903.776,0
20130522,9.5,9.84,9.41,9.68,317098.67,0
20130521,9.09,9.77,9.0,9.58,341500.449,0
20130520,8.85,9.23,8.82,9.09,211583.823,0
20130517,8.78,9.25,8.7,8.96,267906.04,0
20130516,8.7,8.88,8.45,8.79,152210.972,0
20130515,8.91,8.91,8.51,8.68,126310.372,0
20130514,8.75,9.05,8.7,8.85,188721.185,0
20130513,8.7,8.83,8.59,8.77,105229.603,0
20130510,8.6,8.74,8.43,8.7,143166.891,0
20130509,8.95,8.98,8.48,8.69,212139.201,0
20130508,8.96,9.16,8.85,9.03,152205.966,0
20130507,9.05,9.26,8.83,8.96,242158.314,0
20130506,8.42,9.36,8.4,9.34,341468.442,0
20130503,8.44,8.7,8.36,8.51,179666.826,0
20130502,8.69,8.77,8.23,8.37,190730.753,0
20130426,9.14,9.37,8.6,8.69,302658.807,0
20130425,9.54,9.95,9.41,9.43,464807.576,0
20130424,9.4,9.69,8.96,9.64,368613.331,0
20130423,9.59,9.9,9.36,9.43,398800.916,0
20130422,9.3,9.7,9.27,9.57,291608.478,0
20130419,9.43,9.74,9.43,9.5,364222.617,0
20130418,9.81,9.84,9.41,9.49,463730.956,0
20130417,10.24,10.42,9.96,10.15,404683.239,0
20130416,10.17,10.48,9.93,10.17,434553.085,0
20130415,9.71,10.67,9.7,10.39,581406.248,0
20130412,9.55,10.18,9.42,9.94,444564.628,0
20130411,10.22,10.89,9.76,9.8,738445.529,0
20130410,9.88,10.7,9.79,10.15,817765.826,0
20130409,8.85,9.79,8.78,9.79,482973.067,0
20130408,8.71,8.96,8.51,8.9,332703.278,0
20130403,9.3,9.4,8.74,8.96,451914.559,0
20130402,9.25,10.24,9.18,9.51,634325.693,0
20130401,9.32,9.96,8.88,9.39,727505.2,0
20130329,8.05,9.12,8.03,9.12,526352.37,0
20130328,8.0,8.46,7.88,8.29,549798.791,0
20130327,6.94,7.69,6.92,7.69,140469.016,0
20130326,6.75,7.09,6.75,6.99,115127.568,0
20130325,6.66,6.97,6.61,6.82,85708.539,0
20130322,6.65,6.73,6.58,6.63,32122.839,0
20130321,6.58,6.88,6.55,6.7,59522.172,0
20130320,6.42,6.62,6.38,6.58,47016.351,0
20130319,6.72,6.75,6.22,6.51,75644.164,0
20130318,6.8,6.89,6.6,6.76,81028.728,0
20130315,6.54,6.9,6.5,6.88,133834.346,0
20130314,6.55,6.69,6.39,6.5,71219.378,0
20130313,6.28,6.64,6.25,6.55,73702.228,0
20130312,6.24,6.44,6.19,6.37,45820.732,0
20130311,6.41,6.43,6.22,6.23,34033.024,0
20130308,6.56,6.66,6.36,6.42,62661.64,0
20130307,6.49,6.74,6.34,6.6,113691.266,0
20130306,6.24,6.53,6.24,6.5,53145.394,0
20130305,6.14,6.31,6.13,6.3,25343.955,0
20130304,6.28,6.28,6.04,6.17,33871.863,0
20130301,6.35,6.39,6.24,6.35,32530.789,0
20130228,6.24,6.45,6.17,6.39,49617.515,0
20130227,6.17,6.22,6.1,6.21,19051.116,0
20130226,6.08,6.18,6.01,6.17,22517.41,0
20130225,6.06,6.18,6.02,6.11,12336.121,0
20130222,6.04,6.11,6.02,6.03,14395.857,0
20130221,6.2,6.2,6.04,6.05,29238.937,0
20130220,6.22,6.33,6.19,6.26,18913.412,0
20130219,6.48,6.48,6.18,6.22,27803.165,0
20130218,6.41,6.53,6.38,6.49,33768.427,0
20130208,6.31,6.48,6.27,6.42,26031.04,0
20130207,6.33,6.41,6.26,6.31,20435.404,0
20130206,6.36,6.44,6.28,6.37,29933.335,0
20130205,6.27,6.48,6.23,6.36,44593.89,0
20130204,6.16,6.37,6.1,6.36,59336.43,0
20130201,6.07,6.22,6.06,6.16,25262.84,0
20130131,6.21,6.22,6.05,6.07,28807.675,0
20130130,6.28,6.28,6.15,6.22,26459.65,0
20130129,6.17,6.3,6.14,6.28,35441.463,0
20130128,6.09,6.19,6.05,6.18,21695.428,0
20130125,6.26,6.26,6.06,6.09,22216.321,0
20130124,6.27,6.36,6.02,6.18,43577.3,0
20130123,6.32,6.36,6.15,6.25,53984.414,0
20130122,6.55,6.86,6.3,6.41,91862.388,0
20130121,6.42,6.65,6.34,6.56,63400.013,0
20130118,6.56,6.71,6.42,6.48,68049.997,0
20130117,6.36,6.6,6.35,6.43,63367.045,0
20130116,6.5,6.54,6.31,6.37,62573.667,0
20130115,6.65,6.67,6.45,6.53,89948.898,0
20130114,6.32,6.65,6.25,6.54,107322.01,0
20130111,6.2,6.68,6.12,6.42,155246.438,0
20130110,6.07,6.35,5.97,6.3,72306.807,0
20130109,5.98,6.15,5.96,6.07,48517.273,0
20130108,5.97,6.02,5.87,6.02,38200.155,0
20130107,6.02,6.02,5.85,5.96,44206.043,0
20130104,6.16,6.16,6.0,6.07,38543.811,0
20121231,6.12,6.26,5.95,6.12,70010.497,0
20121228,6.0,6.11,5.95,6.04,36042.505,0
20121227,6.25,6.26,6.0,6.02,62034.281,0
20121226,6.15,6.27,6.1,6.25,72348.453,0
20121225,5.9,6.49,5.85,6.21,113446.949,0
20121224,5.97,6.1,5.85,5.9,39435.246,0
20121221,6.05,6.17,5.91,5.99,57493.533,0
20121220,5.96,6.27,5.91,6.09,77172.292,0
20121219,6.08,6.18,5.89,5.97,59524.565,0
20121218,6.08,6.29,6.04,6.12,80740.899,0
20121217,6.43,6.69,6.18,6.3,183777.179,0
20121214,5.65,6.24,5.65,6.24,113451.501,0
20121213,5.69,5.86,5.65,5.67,41410.914,0
20121212,5.71,5.86,5.66,5.71,41601.608,0
20121211,5.73,5.98,5.63,5.81,75475.839,0
20121210,5.66,5.92,5.53,5.82,70775.48,0
20121207,5.51,5.73,5.42,5.6,51205.022,0
20121206,5.41,5.75,5.41,5.53,66593.984,0
20121205,5.26,5.58,5.24,5.47,57720.26,0
20121204,5.08,5.38,4.91,5.35,51456.659,0
20121203,5.29,5.5,5.14,5.17,47209.727,0
20121130,5.49,5.49,5.2,5.43,86862.104,0
20121129,5.01,5.32,4.96,5.32,57917.466,0
20121128,4.9,4.9,4.69,4.84,19403.498,0
20121127,5.26,5.26,4.94,4.94,24899.298,0
20121126,5.31,5.42,5.21,5.26,16778.835,0
20121123,5.33,5.49,5.32,5.38,19977.294,0
20121122,5.47,5.48,5.31,5.37,20993.518,0
20121121,5.66,5.68,5.23,5.51,35072.212,0
20121120,5.6,5.77,5.59,5.66,35658.281,0
20121119,5.54,5.67,5.53,5.61,26656.402,0
20121116,5.41,5.59,5.41,5.57,27783.528,0
20121115,5.61,5.66,5.45,5.5,31084.259,0
20121114,5.58,5.74,5.52,5.6,40102.357,0
20121113,6.05,6.05,5.6,5.62,58527.537,0
20121112,5.99,6.15,5.93,6.07,55738.055,0
20121109,6.37,6.43,5.96,6.03,98849.53,0
20121108,6.55,6.65,6.33,6.39,83186.25,0
20121107,6.56,6.82,6.3,6.58,122000.81,0
20121106,6.67,7.03,6.5,6.65,194914.366,0
20121105,6.26,6.9,6.2,6.76,184861.911,0
20121102,5.88,6.55,5.88,6.34,169639.394,0
20121101,5.91,6.3,5.82,5.99,106793.566,0
20121031,5.9,6.15,5.73,6.0,128441.994,0
20121030,5.8,6.53,5.78,6.17,202694.174,0
20121029,5.65,6.0,5.46,5.94,90912.912,0
20121026,5.51,6.16,5.45,5.83,131820.426,0
20121025,6.04,6.04,5.58,5.62,124170.378,0
20121024,5.34,6.05,5.31,6.05,128553.299,0
20121023,5.52,5.75,5.46,5.5,43614.408,0
20121022,5.38,5.64,5.2,5.56,44394.459,0
20121019,5.27,5.77,5.2,5.36,54935.017,0
20121018,5.25,5.29,5.13,5.28,29332.766,0
20121017,5.14,5.38,5.14,5.3,30430.555,0
20121016,5.13,5.24,5.03,5.16,18506.001,0
20121015,5.07,5.2,5.01,5.14,17344.627,0
20121012,5.03,5.16,5.0,5.06,17801.168,0
20121011,5.31,5.35,5.05,5.07,34137.763,0
20121010,5.21,5.66,5.16,5.44,52235.079,0
20121009,5.13,5.28,5.1,5.24,26141.769,0
20121008,5.0,5.26,4.97,5.16,28580.476,0
20120928,4.92,5.03,4.9,4.99,23513.381,0
20120927,4.79,5.04,4.72,4.96,28648.2,0
20120926,4.73,4.99,4.73,4.81,15864.851,0
20120925,4.89,5.01,4.82,4.85,11738.013,0
20120924,4.97,5.01,4.72,4.94,13861.398,0
20120921,5.05,5.12,4.96,5.01,25201.619,0
20120920,5.3,5.3,5.02,5.09,28646.312,0
20120919,5.39,5.44,5.31,5.33,21611.94,0
20120918,5.33,5.49,5.3,5.41,21016.172,0
20120917,5.49,5.49,5.26,5.33,33236.492,0
20120914,5.68,5.76,5.41,5.52,46948.957,0
20120913,5.95,5.98,5.66,5.72,82680.647,0
20120912,5.71,6.2,5.6,6.06,121836.699,0
20120911,5.71,5.97,5.65,5.71,69390.004,0
20120910,5.69,5.81,5.58,5.78,65150.557,0
20120907,5.71,5.9,5.58,5.71,96477.013,0
20120906,5.78,6.05,5.64,5.75,87449.739,0
20120905,5.45,6.25,5.35,5.9,162379.161,0
20120904,5.16,5.71,5.15,5.7,123129.803,0
20120903,5.5,5.76,5.15,5.19,92115.989,0
20120827,5.25,5.41,5.18,5.41,79928.668,0
20120824,5.25,5.25,5.1,5.15,80743.439,0
20120823,5.0,5.0,5.0,5.0,11809.575,0
20120822,4.8,4.8,4.67,4.76,18772.109,0
20120821,4.47,4.64,4.42,4.61,10881.936,0
20120820,4.4,4.48,4.39,4.42,3320.966,0
20120817,4.47,4.48,4.39,4.46,4513.984,0
20120816,4.5,4.52,4.44,4.48,4165.829,0
20120815,4.46,4.53,4.42,4.46,5404.38,0
20120814,4.41,4.5,4.39,4.46,6691.576,0
20120813,4.63,4.65,4.4,4.41,7423.159,0
20120810,4.57,4.67,4.5,4.63,8748.851,0
20120809,4.4,4.58,4.4,4.56,11053.879,0
20120808,4.48,4.49,4.38,4.45,9532.718,0
20120807,4.4,4.52,4.37,4.49,11419.515,0
20120806,4.3,4.49,4.25,4.41,11420.199,0
20120803,4.3,4.32,4.21,4.31,8839.296,0
20120802,4.28,4.34,4.2,4.31,10092.364,0
20120801,4.26,4.4,4.25,4.25,20970.656,0
20120731,4.47,4.47,4.47,4.47,2993.559,0
20120730,4.71,4.73,4.71,4.71,11748.932,0
20120727,5.03,5.05,4.95,4.96,4901.471,0
20120726,5.03,5.09,4.96,4.98,13972.25,0
20120725,4.99,5.25,4.99,5.08,16394.724,0
20120724,5.16,5.17,4.95,5.05,23113.7,0
20120723,5.04,5.28,4.95,5.21,40562.036,0
20120720,5.05,5.13,5.01,5.03,11499.084,0
20120719,5.13,5.16,4.98,5.01,18723.837,0
20120718,4.93,5.15,4.87,5.08,16737.105,0
20120717,4.76,5.01,4.69,4.93,9384.851,0
20120716,4.83,4.92,4.77,4.77,5475.095,0
20120713,4.92,4.94,4.81,4.83,9147.984,0
20120712,4.94,5.01,4.79,4.96,24397.841,0
20120711,4.77,4.77,4.77,4.77,2852.303,0
20120710,4.57,4.64,4.48,4.54,4598.743,0
20120709,4.67,4.71,4.58,4.62,4766.264,0
20120706,4.63,4.68,4.61,4.67,5119.804,0
20120705,4.79,4.79,4.55,4.59,12877.388,0
20120704,4.85,4.89,4.71,4.79,6102.881,0
20120703,4.88,4.89,4.8,4.88,5389.192,0
20120702,4.85,4.89,4.71,4.86,7998.673,0
20120629,4.86,4.87,4.66,4.84,8839.024,0
20120628,4.99,5.04,4.8,4.8,18456.641,0
20120627,5.1,5.2,5.0,5.05,18720.039,0
20120626,5.13,5.23,4.96,5.19,34493.019,0
20120625,5.1,5.17,5.01,5.17,48346.442,0
20120621,4.97,4.99,4.92,4.92,3855.125,0
20120619,4.97,5.0,4.94,5.0,4226.075,0
20120618,4.99,5.01,4.96,4.98,5395.016,0
20120615,5.0,5.04,4.92,4.97,3590.527,0
20120614,5.01,5.04,4.97,4.99,5320.513,0
20120613,4.98,5.05,4.98,5.04,5521.693,0
20120612,4.93,5.0,4.89,4.97,4395.653,0
20120611,4.9,4.95,4.86,4.93,3111.054,0
20120608,4.94,4.95,4.8,4.91,6214.09,0
20120607,4.95,4.99,4.91,4.92,5145.186,0
20120606,4.93,4.99,4.91,4.92,3754.157,0
20120605,4.94,5.05,4.9,4.94,7698.886,0
20120604,5.11,5.13,4.96,5.02,13623.955,0
20120601,5.24,5.38,5.21,5.22,10746.921,0
20120531,5.15,5.26,5.07,5.24,12642.972,0
20120530,5.14,5.17,5.09,5.15,4993.642,0
20120529,5.09,5.19,5.03,5.12,6898.658,0
20120528,5.12,5.2,4.87,5.09,9209.004,0
20120525,5.18,5.23,5.11,5.12,10417.535,0
20120524,5.05,5.26,5.04,5.18,13652.053,0
20120523,5.05,5.07,5.0,5.05,4770.928,0
20120522,5.0,5.07,4.99,5.04,5226.263,0
20120521,5.06,5.09,4.98,5.05,6059.564,0
20120518,4.96,5.1,4.9,5.06,8577.783,0
20120517,4.86,5.01,4.81,4.96,5507.061,0
20120516,5.0,5.0,4.8,4.92,10862.935,0
20120514,4.82,5.05,4.82,5.05,16668.14,0
20120511,4.8,4.91,4.77,4.81,4716.185,0
20120510,4.8,4.87,4.77,4.83,3650.268,0
20120509,4.88,4.88,4.77,4.8,5539.142,0
20120508,4.94,4.95,4.86,4.88,5542.413,0
20120507,4.87,4.95,4.81,4.94,6684.28,0
20120504,4.7,4.87,4.66,4.87,11015.793,0
20120503,4.75,4.76,4.56,4.7,17173.931,0
20120502,4.97,4.97,4.8,4.8,14975.901,0
20120427,5.11,5.11,5.02,5.05,6213.106,0
20120426,5.11,5.16,5.0,5.11,8655.363,0
20120425,4.95,5.1,4.95,5.04,6235.492,0
20120424,5.09,5.29,4.88,5.04,9659.336,0
20120423,5.07,5.17,5.05,5.09,4460.337,0
20120420,5.09,5.15,5.04,5.09,6296.915,0
20120419,5.19,5.21,5.06,5.1,8719.581,0
20120418,5.11,5.25,5.11,5.19,5406.574,0
20120417,5.15,5.21,5.07,5.11,5930.071,0
20120416,5.06,5.32,5.02,5.15,12106.912,0
20120413,5.25,5.25,5.03,5.09,13026.314,0
20120412,4.87,5.1,4.84,5.1,8527.659,0
20120411,4.8,4.87,4.77,4.86,3673.818,0
20120410,4.76,4.85,4.73,4.83,3096.839,0
20120409,4.81,4.9,4.73,4.8,5463.728,0
20120406,4.71,4.85,4.67,4.8,7466.977,0
20120405,4.5,4.71,4.41,4.71,7488.493,0
20120330,4.65,4.67,4.48,4.49,5050.998,0
20120329,4.74,4.78,4.5,4.57,9474.615,0
20120328,5.04,5.04,4.74,4.74,10316.702,0
20120327,5.15,5.15,4.98,4.99,5186.735,0
20120326,5.05,5.18,4.89,5.1,9287.773,0
20120323,5.19,5.19,5.07,5.08,10584.925,0
20120322,5.58,5.58,5.23,5.27,28125.929,0
20120321,5.28,5.51,5.28,5.51,34000.843,0
20120320,5.59,5.59,5.22,5.25,37231.684,0
20120319,5.27,5.32,5.2,5.32,6602.541,0
20120316,4.9,5.07,4.9,5.07,4396.956,0
20120315,4.98,5.0,4.8,4.83,10635.528,0
20120314,5.18,5.2,4.92,4.92,13057.367,0
20120313,5.17,5.2,5.12,5.18,8935.93,0
20120312,5.06,5.19,5.04,5.16,9753.881,0
20120309,4.97,5.09,4.96,5.08,7970.322,0
20120308,4.93,4.98,4.93,4.97,4628.684,0
20120307,5.0,5.02,4.9,4.93,7451.688,0
20120306,5.06,5.08,4.95,5.04,7263.119,0
20120305,5.11,5.13,5.03,5.06,9042.931,0
20120302,5.07,5.09,5.04,5.09,6683.858,0
20120301,4.98,5.06,4.94,5.04,5821.794,0
20120229,5.09,5.1,4.94,5.0,11273.911,0
20120228,5.23,5.26,5.07,5.09,12262.058,0
20120227,5.31,5.33,5.24,5.24,18592.746,0
20120224,5.16,5.34,5.13,5.3,16903.997,0
20120223,5.16,5.24,5.11,5.12,10790.224,0
20120222,5.17,5.25,5.1,5.18,12780.915,0
20120221,5.1,5.19,5.05,5.17,10323.53,0
20120220,5.27,5.29,5.05,5.1,17663.237,0
20120217,5.33,5.4,5.14,5.2,12502.913,0
20120216,5.53,5.53,5.28,5.34,17319.836,0
20120215,5.3,5.54,5.27,5.52,19774.985,0
20120214,5.23,5.36,5.19,5.28,10607.453,0
20120213,5.19,5.26,5.11,5.23,8678.893,0
20120210,5.13,5.27,5.09,5.21,10463.839,0
20120209,5.25,5.33,5.09,5.13,19502.105,0
20120208,5.13,5.3,5.11,5.28,13854.812,0
20120207,5.07,5.34,5.07,5.2,25909.632,0
20120206,5.15,5.34,4.97,5.34,32151.396,0
20120203,4.98,5.09,4.88,5.09,26699.545,0
20120202,4.62,4.85,4.58,4.85,15395.683,0
20120201,4.58,4.76,4.55,4.62,11582.507,0
20120131,4.39,4.69,4.39,4.62,12538.946,0
20120130,4.66,4.83,4.56,4.61,29397.063,0
20120120,4.38,4.6,4.32,4.6,14750.21,0
20120119,4.41,4.5,4.23,4.38,19437.288,0
20120118,4.68,4.83,4.37,4.38,49478.211,0
20120117,4.5,4.6,4.38,4.6,74450.833,0
20120116,4.38,4.38,4.38,4.38,2816.239,0
20120113,4.17,4.17,4.17,4.17,5142.577,0
20120112,3.97,3.97,3.97,3.97,1001.627,0
20120111,3.78,3.78,3.78,3.78,378.798,0
20120110,3.6,3.6,3.6,3.6,268.916,0
20120106,3.52,3.64,3.43,3.43,13171.559,0
20120105,3.7,3.74,3.61,3.61,6466.561,0
20120104,4.07,4.07,3.8,3.8,14328.933,0
